genome	protein_id	ko	evalue	score
GCF_000258125.2	WP_003180762.1	K00366	6e-86	287.2
GCF_000258125.2	WP_003178979.1	K00372	3.1e-277	920.3
GCF_000258125.2	WP_003183293.1	K01077	8.5e-102	339.9
GCF_000258125.2	WP_003178586.1	K01113	2e-168	560.2
GCF_000258125.2	WP_003182974.1	K01505	6.1e-16	56.1
GCF_000258125.2	WP_003182145.1	K01915	1.4e-108	362.3
GCF_000258125.2	WP_003185695.1	K02406	3.1e-132	440.3
GCF_000258125.2	WP_009329389.1	K02556	2.2e-94	314.7
GCF_000258125.2	WP_003181091.1	K02557	2.7e-73	245.5
GCF_000258125.2	WP_003181814.1	K03407	1.4e-224	745.9
GCF_000258125.2	WP_003181796.1	K03413	2.4e-46	156.7
GCF_000258125.2	WP_003178321.1	K03833	1.8e-79	266.2
GCF_000258125.2	WP_003182515.1	K03834	5.3e-12	43.3
GCF_000258125.2	WP_003184100.1	K04103	3.3e-68	228.5
GCF_000258125.2	WP_003183411.1	K06390	1.4e-130	433.6
GCF_000258125.2	WP_003184312.1	K07636	4.2e-124	413.2
GCF_000258125.2	WP_003183084.1	K07657	7.9e-83	276.3
GCF_000258125.2	WP_003182961.1	K16531	3.9e-21	73.2
GCF_001191605.1	WP_017358862.1	K00366	7.1e-27	91.7
GCF_001191605.1	WP_025207473.1	K00372	8.6e-278	921.9
GCF_001191605.1	WP_035392556.1	K01077	3.8e-107	357.3
GCF_001191605.1	WP_007500937.1	K01505	2.6e-15	53.8
GCF_001191605.1	WP_007499421.1	K01915	2.2e-108	361.5
GCF_001191605.1	WP_050827169.1	K02406	2.4e-132	440.4
GCF_001191605.1	WP_008346088.1	K02556	2e-92	308.1
GCF_001191605.1	WP_017367125.1	K02557	6.5e-70	234.2
GCF_001191605.1	WP_017359080.1	K03407	1.7e-225	748.6
GCF_001191605.1	WP_007499584.1	K03413	1.7e-47	160.3
GCF_001191605.1	WP_007496302.1	K03833	2.8e-79	265.4
GCF_001191605.1	WP_050827528.1	K04103	4.5e-70	234.4
GCF_001191605.1	WP_035390790.1	K06390	1.7e-133	443.0
GCF_001191605.1	WP_048001854.1	K07636	1.3e-124	414.7
GCF_001191605.1	WP_007501691.1	K07657	1.4e-84	282.0
GCF_001191605.1	WP_008342707.1	K16531	7.3e-24	82.0
GCF_001457015.1	WP_058213698.1	K00366	8.5e-87	289.8
GCF_001457015.1	WP_058214081.1	K00372	2.3e-277	920.5
GCF_001457015.1	WP_008348991.1	K01077	3.4e-107	357.5
GCF_001457015.1	WP_007500937.1	K01505	2.6e-15	53.8
GCF_001457015.1	WP_007499421.1	K01915	2.2e-108	361.5
GCF_001457015.1	WP_017359608.1	K02406	3.6e-130	433.3
GCF_001457015.1	WP_008346088.1	K02556	2e-92	308.1
GCF_001457015.1	WP_019743067.1	K02557	1.4e-69	233.1
GCF_001457015.1	WP_007499569.1	K03407	3.8e-226	750.8
GCF_001457015.1	WP_007499584.1	K03413	1.7e-47	160.3
GCF_001457015.1	WP_007496302.1	K03833	2.7e-79	265.4
GCF_001457015.1	WP_008342854.1	K04103	1.8e-70	235.7
GCF_001457015.1	WP_035390790.1	K06390	1.7e-133	443.0
GCF_001457015.1	WP_048001854.1	K07636	1.3e-124	414.7
GCF_001457015.1	WP_007501691.1	K07657	1.3e-84	282.0
GCF_001457015.1	WP_058214178.1	K16531	1.7e-23	80.7
GCF_001642595.1	WP_003180762.1	K00366	5.9e-86	287.2
GCF_001642595.1	WP_016885148.1	K00372	8.7e-278	922.1
GCF_001642595.1	WP_003183293.1	K01077	8.3e-102	339.9
GCF_001642595.1	WP_003178586.1	K01113	2e-168	560.2
GCF_001642595.1	WP_003182974.1	K01505	5.9e-16	56.1
GCF_001642595.1	WP_003182145.1	K01915	1.4e-108	362.3
GCF_001642595.1	WP_003185695.1	K02406	3e-132	440.3
GCF_001642595.1	WP_009329389.1	K02556	2.2e-94	314.7
GCF_001642595.1	WP_003181091.1	K02557	2.7e-73	245.5
GCF_001642595.1	WP_016885474.1	K03407	1.1e-224	746.1
GCF_001642595.1	WP_003181796.1	K03413	2.4e-46	156.7
GCF_001642595.1	WP_003178321.1	K03833	1.7e-79	266.2
GCF_001642595.1	WP_063906759.1	K03834	7e-12	42.8
GCF_001642595.1	WP_003184100.1	K04103	3.2e-68	228.5
GCF_001642595.1	WP_003183411.1	K06390	1.4e-130	433.6
GCF_001642595.1	WP_003184312.1	K07636	4.1e-124	413.2
GCF_001642595.1	WP_003183084.1	K07657	7.7e-83	276.3
GCF_001642595.1	WP_003182961.1	K16531	3.8e-21	73.2
GCF_001742425.1	WP_069717186.1	K00366	2.2e-199	662.0
GCF_001742425.1	WP_069716900.1	K01077	1.1e-98	329.3
GCF_001742425.1	WP_069715774.1	K01505	3.2e-14	50.2
GCF_001742425.1	WP_069715884.1	K01915	1.7e-107	358.5
GCF_001742425.1	WP_069715986.1	K02406	2.8e-117	390.7
GCF_001742425.1	WP_069718081.1	K02556	2.7e-99	330.7
GCF_001742425.1	WP_069718082.1	K02557	7.4e-75	250.5
GCF_001742425.1	WP_069718797.1	K03407	2.8e-227	754.5
GCF_001742425.1	WP_069718788.1	K03413	5.6e-48	161.9
GCF_001742425.1	WP_069717498.1	K03833	1.9e-133	444.6
GCF_001742425.1	WP_069717892.1	K04103	4.2e-65	218.0
GCF_001742425.1	WP_069715415.1	K06390	4.1e-130	431.8
GCF_001742425.1	WP_069718148.1	K07636	4.1e-125	416.3
GCF_001742425.1	WP_069716429.1	K07657	9.9e-85	282.4
GCF_001742425.1	WP_069717560.1	K16531	1.9e-27	93.8
GCF_001969855.1	WP_076790600.1	K00366	4.3e-86	287.7
GCF_001969855.1	WP_076791816.1	K00372	3.7e-277	920.1
GCF_001969855.1	WP_076793449.1	K01077	8.2e-101	336.7
GCF_001969855.1	WP_043926096.1	K01113	4.2e-168	559.2
GCF_001969855.1	WP_076792612.1	K01505	1.4e-15	54.9
GCF_001969855.1	WP_076791218.1	K01915	1.4e-108	362.3
GCF_001969855.1	WP_076788740.1	K02406	1.3e-133	444.8
GCF_001969855.1	WP_076791151.1	K02556	8.5e-94	312.8
GCF_001969855.1	WP_043927393.1	K02557	1.4e-73	246.6
GCF_001969855.1	WP_043926388.1	K03407	3.6e-224	744.5
GCF_001969855.1	WP_003181796.1	K03413	2.5e-46	156.7
GCF_001969855.1	WP_043925504.1	K03833	6.5e-79	264.4
GCF_001969855.1	WP_043926314.1	K04103	2.5e-68	228.9
GCF_001969855.1	WP_043927852.1	K06390	8.6e-131	434.3
GCF_001969855.1	WP_076793208.1	K07636	1.1e-123	411.8
GCF_001969855.1	WP_043928422.1	K07657	8.3e-83	276.3
GCF_001969855.1	WP_076792600.1	K16531	6.8e-21	72.4
GCF_002005345.1	WP_052827842.1	K00366	2.1e-83	278.7
GCF_002005345.1	WP_077722085.1	K00372	2.2e-182	606.3
GCF_002005345.1	WP_077721994.1	K01077	3.5e-111	370.8
GCF_002005345.1	WP_077721748.1	K01113	4.1e-168	559.1
GCF_002005345.1	WP_077722521.1	K01505	9.2e-16	55.4
GCF_002005345.1	WP_003154048.1	K01915	1.3e-108	362.3
GCF_002005345.1	WP_015387631.1	K02406	8.6e-139	461.8
GCF_002005345.1	WP_003152386.1	K02556	5.9e-97	323.1
GCF_002005345.1	WP_077722131.1	K02557	2e-72	242.6
GCF_002005345.1	WP_077722200.1	K03407	1.1e-225	749.4
GCF_002005345.1	WP_003154238.1	K03413	1.3e-47	160.8
GCF_002005345.1	WP_003156451.1	K03833	3.1e-79	265.3
GCF_002005345.1	WP_077721822.1	K04103	4.3e-72	241.2
GCF_002005345.1	WP_077722588.1	K06390	1.9e-131	436.4
GCF_002005345.1	WP_077722689.1	K07636	5.9e-126	419.2
GCF_002005345.1	WP_003153397.1	K07657	1.5e-83	278.7
GCF_002005345.1	WP_088005508.1	K16531	3.6e-17	60.0
GCF_002024555.1	WP_015387719.1	K00366	1.1e-83	279.6
GCF_002024555.1	WP_079004805.1	K00372	7.2e-183	607.9
GCF_002024555.1	WP_003155322.1	K01077	1.3e-110	368.9
GCF_002024555.1	WP_014304274.1	K01113	1.6e-167	557.1
GCF_002024555.1	WP_014305305.1	K01505	1e-15	55.1
GCF_002024555.1	WP_003154048.1	K01915	1.3e-108	362.3
GCF_002024555.1	WP_079004915.1	K02406	3e-138	460.0
GCF_002024555.1	WP_003152386.1	K02556	5.7e-97	323.1
GCF_002024555.1	WP_003154685.1	K02557	1.9e-72	242.6
GCF_002024555.1	WP_003154227.1	K03407	1.1e-225	749.3
GCF_002024555.1	WP_003154238.1	K03413	1.2e-47	160.8
GCF_002024555.1	WP_003156451.1	K03833	3e-79	265.3
GCF_002024555.1	WP_024084902.1	K04103	3.7e-72	241.4
GCF_002024555.1	WP_003153125.1	K06390	1e-130	433.9
GCF_002024555.1	WP_003152458.1	K07636	5.3e-126	419.3
GCF_002024555.1	WP_003153397.1	K07657	1.4e-83	278.7
GCF_002024555.1	WP_088005508.1	K16531	3.5e-17	60.0
GCF_002026335.1	WP_020450993.1	K00366	2.9e-85	284.9
GCF_002026335.1	WP_079289311.1	K00372	1.2e-277	921.6
GCF_002026335.1	WP_020452100.1	K01077	5.7e-101	337.1
GCF_002026335.1	WP_023857756.1	K01113	1.2e-167	557.5
GCF_002026335.1	WP_023857444.1	K01505	1.7e-16	57.8
GCF_002026335.1	WP_025811550.1	K01915	1.5e-108	362.2
GCF_002026335.1	WP_079289484.1	K02406	1e-24	85.5
GCF_002026335.1	WP_020452604.1	K02556	4.4e-95	317.0
GCF_002026335.1	WP_020451148.1	K02557	8e-73	243.9
GCF_002026335.1	WP_079289133.1	K03407	1.3e-223	742.6
GCF_002026335.1	WP_003181796.1	K03413	2.3e-46	156.7
GCF_002026335.1	WP_020449857.1	K03833	5.6e-79	264.5
GCF_002026335.1	WP_020450230.1	K04103	4.3e-68	228.0
GCF_002026335.1	WP_020452146.1	K06390	2.9e-131	435.8
GCF_002026335.1	WP_035338186.1	K07636	1.1e-123	411.8
GCF_002026335.1	WP_020451999.1	K07657	4.1e-83	277.2
GCF_002026335.1	WP_023857438.1	K16531	5.6e-21	72.6
GCF_002068155.1	WP_020450993.1	K00366	3e-85	284.9
GCF_002068155.1	WP_025810124.1	K00372	3.5e-278	923.4
GCF_002068155.1	WP_020452100.1	K01077	6e-101	337.1
GCF_002068155.1	WP_020449993.1	K01113	7.5e-168	558.3
GCF_002068155.1	WP_023857444.1	K01505	1.8e-16	57.8
GCF_002068155.1	WP_025811550.1	K01915	1.5e-108	362.2
GCF_002068155.1	WP_020453106.1	K02406	5.9e-128	426.1
GCF_002068155.1	WP_020452604.1	K02556	4.6e-95	317.0
GCF_002068155.1	WP_020451148.1	K02557	8.4e-73	243.9
GCF_002068155.1	WP_026579733.1	K03407	6.6e-224	743.6
GCF_002068155.1	WP_003181796.1	K03413	2.4e-46	156.7
GCF_002068155.1	WP_020449857.1	K03833	5.9e-79	264.5
GCF_002068155.1	WP_020450230.1	K04103	4.5e-68	228.0
GCF_002068155.1	WP_048349979.1	K06390	2.3e-130	432.9
GCF_002068155.1	WP_035338186.1	K07636	1.1e-123	411.8
GCF_002068155.1	WP_020451999.1	K07657	4.3e-83	277.2
GCF_002068155.1	WP_020451945.1	K16531	4.7e-21	72.9
GCF_002077215.1	WP_041117625.1	K00366	1.6e-86	289.0
GCF_002077215.1	WP_081124489.1	K00372	5.2e-273	906.1
GCF_002077215.1	WP_061109610.1	K01077	9.3e-106	352.8
GCF_002077215.1	WP_081124540.1	K01505	3.8e-15	53.2
GCF_002077215.1	WP_025093273.1	K01915	1.8e-108	361.8
GCF_002077215.1	WP_041116353.1	K02406	1.2e-131	438.1
GCF_002077215.1	WP_024424680.1	K02556	1e-92	309.1
GCF_002077215.1	WP_034281540.1	K02557	6.5e-70	234.3
GCF_002077215.1	WP_081124377.1	K03407	2.6e-224	744.7
GCF_002077215.1	WP_007499584.1	K03413	1.7e-47	160.3
GCF_002077215.1	WP_034283892.1	K03833	2.6e-79	265.5
GCF_002077215.1	WP_025092480.1	K04103	1.5e-71	239.3
GCF_002077215.1	WP_034280251.1	K06390	2.5e-131	435.9
GCF_002077215.1	WP_081124657.1	K07636	3.1e-123	410.2
GCF_002077215.1	WP_024426141.1	K07657	3.9e-84	280.5
GCF_002077215.1	WP_076840407.1	K16531	4.5e-30	102.5
GCF_002117165.1	WP_032876519.1	K00366	1.8e-83	278.9
GCF_002117165.1	WP_032872794.1	K00372	1e-276	918.4
GCF_002117165.1	WP_032874278.1	K01077	1.3e-111	372.1
GCF_002117165.1	WP_032872722.1	K01113	1.6e-167	557.0
GCF_002117165.1	WP_032873256.1	K01505	8e-16	55.5
GCF_002117165.1	WP_007410365.1	K01915	1.3e-108	362.2
GCF_002117165.1	WP_032876173.1	K02406	1.8e-138	460.6
GCF_002117165.1	WP_007408775.1	K02556	1.3e-96	321.9
GCF_002117165.1	WP_003154685.1	K02557	1.8e-72	242.6
GCF_002117165.1	WP_032874918.1	K03407	9.6e-226	749.5
GCF_002117165.1	WP_003154238.1	K03413	1.2e-47	160.8
GCF_002117165.1	WP_007410400.1	K03833	2.1e-79	265.8
GCF_002117165.1	WP_014304370.1	K04103	1.5e-72	242.6
GCF_002117165.1	WP_032874043.1	K06390	1.7e-130	433.2
GCF_002117165.1	WP_032873702.1	K07636	6.5e-126	419.0
GCF_002117165.1	WP_003153397.1	K07657	1.4e-83	278.7
GCF_002117165.1	WP_087920803.1	K16531	7.6e-18	62.1
GCF_002393225.1	WP_020450993.1	K00366	3.2e-85	284.9
GCF_002393225.1	WP_035337190.1	K00372	9.7e-278	922.0
GCF_002393225.1	WP_023857756.1	K01113	1.4e-167	557.5
GCF_002393225.1	WP_020451950.1	K01505	4.3e-16	56.6
GCF_002393225.1	WP_020451550.1	K01915	2.3e-108	361.7
GCF_002393225.1	WP_020453106.1	K02406	6.2e-128	426.1
GCF_002393225.1	WP_020452604.1	K02556	4.8e-95	317.0
GCF_002393225.1	WP_020451148.1	K02557	8.8e-73	243.9
GCF_002393225.1	WP_023857200.1	K03407	1.1e-223	742.9
GCF_002393225.1	WP_003181796.1	K03413	2.5e-46	156.7
GCF_002393225.1	WP_020449857.1	K03833	6.2e-79	264.5
GCF_002393225.1	WP_020450230.1	K04103	4.7e-68	228.0
GCF_002393225.1	WP_020452146.1	K06390	3.2e-131	435.8
GCF_002393225.1	WP_020452551.1	K07636	1.1e-123	411.9
GCF_002393225.1	WP_020451999.1	K07657	4.5e-83	277.2
GCF_002393225.1	WP_026579386.1	K16531	5.7e-21	72.7
GCF_002811125.1	WP_039075510.1	K00366	1.1e-85	286.2
GCF_002811125.1	WP_100741033.1	K00372	2.6e-186	619.3
GCF_002811125.1	WP_082022741.1	K01077	3.3e-117	390.7
GCF_002811125.1	WP_039075954.1	K01113	2.7e-166	553.1
GCF_002811125.1	WP_039074312.1	K01505	7.8e-15	52.3
GCF_002811125.1	WP_010328577.1	K01915	5.4e-108	360.3
GCF_002811125.1	WP_039075354.1	K02406	3.2e-132	440.1
GCF_002811125.1	WP_039074773.1	K02556	5.3e-96	319.9
GCF_002811125.1	WP_039073751.1	K02557	5.8e-71	237.8
GCF_002811125.1	WP_039073971.1	K03407	1.5e-225	748.9
GCF_002811125.1	WP_039073963.1	K03413	1.3e-46	157.5
GCF_002811125.1	WP_039076390.1	K03833	4.7e-79	264.7
GCF_002811125.1	WP_100741401.1	K04103	6.6e-70	233.9
GCF_002811125.1	WP_100740140.1	K06390	1.6e-133	443.2
GCF_002811125.1	WP_100740516.1	K07636	2.5e-127	423.7
GCF_002811125.1	WP_039074346.1	K07657	2.1e-83	278.1
GCF_002811125.1	WP_100740216.1	K16531	2.6e-19	67.0
GCF_002966955.1	WP_003180762.1	K00366	6.1e-86	287.2
GCF_002966955.1	WP_016885148.1	K00372	9e-278	922.1
GCF_002966955.1	WP_003183293.1	K01077	8.6e-102	339.9
GCF_002966955.1	WP_003178586.1	K01113	2e-168	560.2
GCF_002966955.1	WP_003182974.1	K01505	6.1e-16	56.1
GCF_002966955.1	WP_003182145.1	K01915	1.5e-108	362.3
GCF_002966955.1	WP_003185695.1	K02406	3.1e-132	440.3
GCF_002966955.1	WP_009329389.1	K02556	2.2e-94	314.7
GCF_002966955.1	WP_003181091.1	K02557	2.7e-73	245.5
GCF_002966955.1	WP_016885474.1	K03407	1.2e-224	746.1
GCF_002966955.1	WP_003181796.1	K03413	2.4e-46	156.7
GCF_002966955.1	WP_003178321.1	K03833	1.8e-79	266.2
GCF_002966955.1	WP_003182515.1	K03834	5.3e-12	43.3
GCF_002966955.1	WP_003184100.1	K04103	3.3e-68	228.5
GCF_002966955.1	WP_003183411.1	K06390	1.4e-130	433.6
GCF_002966955.1	WP_003184312.1	K07636	4.2e-124	413.2
GCF_002966955.1	WP_003183084.1	K07657	8e-83	276.3
GCF_002966955.1	WP_003182961.1	K16531	3.9e-21	73.2
GCF_002993945.1	WP_020450993.1	K00366	3.1e-85	284.9
GCF_002993945.1	WP_105979288.1	K00372	2.1e-277	920.9
GCF_002993945.1	WP_020452100.1	K01077	6.1e-101	337.1
GCF_002993945.1	WP_020449993.1	K01113	7.6e-168	558.3
GCF_002993945.1	WP_020451950.1	K01505	4.2e-16	56.6
GCF_002993945.1	WP_025811550.1	K01915	1.6e-108	362.2
GCF_002993945.1	WP_025810704.1	K02406	8.7e-134	445.4
GCF_002993945.1	WP_020452604.1	K02556	4.6e-95	317.0
GCF_002993945.1	WP_020451148.1	K02557	8.5e-73	243.9
GCF_002993945.1	WP_105978901.1	K03407	6.3e-224	743.6
GCF_002993945.1	WP_003181796.1	K03413	2.4e-46	156.7
GCF_002993945.1	WP_023855913.1	K03833	6.1e-79	264.4
GCF_002993945.1	WP_020450230.1	K04103	4.5e-68	228.0
GCF_002993945.1	WP_199792214.1	K06390	1.9e-131	436.4
GCF_002993945.1	WP_020452551.1	K07636	1e-123	411.9
GCF_002993945.1	WP_020451999.1	K07657	4.3e-83	277.2
GCF_002993945.1	WP_105980436.1	K16531	4e-21	73.1
GCF_003003575.1	WP_044159104.1	K00366	1.1e-84	282.9
GCF_003003575.1	WP_106294411.1	K00372	8.1e-188	624.2
GCF_003003575.1	WP_106295882.1	K01077	1.1e-115	385.6
GCF_003003575.1	WP_106293807.1	K01505	3.3e-15	53.5
GCF_003003575.1	WP_024121509.1	K01915	5.2e-107	357.0
GCF_003003575.1	WP_024123018.1	K02406	2.5e-128	427.2
GCF_003003575.1	WP_044153831.1	K02556	1.9e-95	318.1
GCF_003003575.1	WP_059292887.1	K02557	1.1e-71	240.0
GCF_003003575.1	WP_044155876.1	K03407	4e-226	750.7
GCF_003003575.1	WP_010334256.1	K03413	1.4e-47	160.6
GCF_003003575.1	WP_010332768.1	K03833	6.2e-79	264.2
GCF_003003575.1	WP_044154080.1	K04103	2.4e-68	228.7
GCF_003003575.1	WP_106293713.1	K06390	2.3e-134	445.9
GCF_003003575.1	WP_044153891.1	K07636	9.6e-126	418.4
GCF_003003575.1	WP_010334777.1	K07657	4e-83	277.1
GCF_003003575.1	WP_059336621.1	K16531	2e-18	64.1
GCF_003003625.1	WP_106272658.1	K00366	1.7e-84	282.4
GCF_003003625.1	WP_106273085.1	K00372	6.8e-273	905.8
GCF_003003625.1	WP_106272891.1	K01077	1.2e-112	375.6
GCF_003003625.1	WP_106273141.1	K01113	3.7e-164	546.0
GCF_003003625.1	WP_106271181.1	K01505	2.7e-13	47.2
GCF_003003625.1	WP_094232068.1	K01915	2.3e-108	361.5
GCF_003003625.1	WP_106272550.1	K02406	3.8e-127	423.4
GCF_003003625.1	WP_003327311.1	K02556	3.6e-93	310.6
GCF_003003625.1	WP_003327312.1	K02557	1.1e-72	243.4
GCF_003003625.1	WP_106271552.1	K03407	7.2e-222	736.7
GCF_003003625.1	WP_003328933.1	K03413	2.4e-47	159.9
GCF_003003625.1	WP_003328291.1	K03833	2.6e-79	265.5
GCF_003003625.1	WP_106272980.1	K04103	5.4e-69	230.9
GCF_003003625.1	WP_003325460.1	K06390	6.7e-133	441.1
GCF_003003625.1	WP_088117736.1	K07636	6.8e-123	409.1
GCF_003003625.1	WP_004429698.1	K07657	1e-83	279.1
GCF_003003625.1	WP_106271350.1	K16531	1.6e-18	64.4
GCF_003003645.1	WP_003326931.1	K00366	1.2e-83	279.6
GCF_003003645.1	WP_106360836.1	K00372	7.5e-275	912.4
GCF_003003645.1	WP_106360728.1	K01077	4.7e-113	377.1
GCF_003003645.1	WP_106360862.1	K01113	1.5e-163	544.1
GCF_003003645.1	WP_106360613.1	K01505	1.1e-13	48.6
GCF_003003645.1	WP_094232068.1	K01915	2.4e-108	361.5
GCF_003003645.1	WP_094232853.1	K02406	2.3e-127	424.2
GCF_003003645.1	WP_003327311.1	K02556	3.8e-93	310.6
GCF_003003645.1	WP_003327312.1	K02557	1.2e-72	243.4
GCF_003003645.1	WP_088117166.1	K03407	2.5e-221	735.0
GCF_003003645.1	WP_106359593.1	K03413	7.9e-48	161.6
GCF_003003645.1	WP_003328291.1	K03833	2.8e-79	265.5
GCF_003003645.1	WP_088116536.1	K04103	4.3e-70	234.6
GCF_003003645.1	WP_003325460.1	K06390	7.1e-133	441.1
GCF_003003645.1	WP_106360416.1	K07636	7.6e-123	409.0
GCF_003003645.1	WP_004429698.1	K07657	1.1e-83	279.1
GCF_003003645.1	WP_106046686.1	K16531	2.3e-18	64.0
GCF_003441635.1	WP_003151735.1	K00366	1.7e-83	279.0
GCF_003441635.1	WP_048367146.1	K00372	3.7e-183	608.8
GCF_003441635.1	WP_003155322.1	K01077	1.2e-110	368.9
GCF_003441635.1	WP_043866804.1	K01113	6.2e-168	558.4
GCF_003441635.1	WP_014305305.1	K01505	1e-15	55.1
GCF_003441635.1	WP_003154048.1	K01915	1.3e-108	362.3
GCF_003441635.1	WP_007407474.1	K02406	6.7e-138	458.8
GCF_003441635.1	WP_003152386.1	K02556	5.6e-97	323.1
GCF_003441635.1	WP_003154685.1	K02557	1.8e-72	242.6
GCF_003441635.1	WP_015388231.1	K03407	1.2e-225	749.2
GCF_003441635.1	WP_003154238.1	K03413	1.2e-47	160.8
GCF_003441635.1	WP_003156451.1	K03833	2.9e-79	265.3
GCF_003441635.1	WP_196479392.1	K03834	3.3e-20	70.1
GCF_003441635.1	WP_196479392.1	K03837	2.1e-170	564.8
GCF_003441635.1	WP_117614494.1	K04103	1.3e-72	242.8
GCF_003441635.1	WP_072588446.1	K06390	1.5e-130	433.3
GCF_003441635.1	WP_015387864.1	K07636	4.6e-126	419.5
GCF_003441635.1	WP_003153397.1	K07657	1.4e-83	278.7
GCF_003441635.1	WP_088005508.1	K16531	3.4e-17	60.0
GCF_003667745.1	WP_021494124.1	K00366	2.6e-83	278.4
GCF_003667745.1	WP_021494198.1	K00372	5.1e-277	919.5
GCF_003667745.1	WP_021494911.1	K01077	3.2e-111	371.0
GCF_003667745.1	WP_021495297.1	K01113	1.6e-167	557.2
GCF_003667745.1	WP_014418255.1	K01505	1.3e-15	54.9
GCF_003667745.1	WP_007410365.1	K01915	1.4e-108	362.2
GCF_003667745.1	WP_021494094.1	K02406	4.3e-139	462.8
GCF_003667745.1	WP_003152386.1	K02556	6e-97	323.1
GCF_003667745.1	WP_017417652.1	K02557	2.2e-72	242.5
GCF_003667745.1	WP_021493681.1	K03407	6.6e-225	746.8
GCF_003667745.1	WP_003154238.1	K03413	1.3e-47	160.8
GCF_003667745.1	WP_007410400.1	K03833	2.2e-79	265.8
GCF_003667745.1	WP_205600435.1	K03834	6.5e-20	69.3
GCF_003667745.1	WP_205600435.1	K03837	1.5e-170	565.4
GCF_003667745.1	WP_014304370.1	K04103	1.6e-72	242.6
GCF_003667745.1	WP_017418128.1	K06390	1.9e-130	433.1
GCF_003667745.1	WP_021494433.1	K07636	1.2e-125	418.2
GCF_003667745.1	WP_003153397.1	K07657	1.5e-83	278.7
GCF_003667745.1	WP_088461189.1	K16531	1.9e-17	60.9
GCF_004006435.1	WP_024122835.1	K00366	1e-84	283.1
GCF_004006435.1	WP_127696022.1	K00372	6.5e-279	925.8
GCF_004006435.1	WP_127695865.1	K01077	8.8e-116	386.0
GCF_004006435.1	WP_127696073.1	K01113	3.2e-164	546.3
GCF_004006435.1	WP_127696824.1	K01505	3e-15	53.7
GCF_004006435.1	WP_024121509.1	K01915	5.7e-107	357.0
GCF_004006435.1	WP_106019634.1	K02406	3.9e-129	430.0
GCF_004006435.1	WP_024122512.1	K02556	1.6e-95	318.4
GCF_004006435.1	WP_024121173.1	K02557	1.2e-71	240.0
GCF_004006435.1	WP_106020713.1	K03407	3.7e-226	750.9
GCF_004006435.1	WP_010334256.1	K03413	1.5e-47	160.6
GCF_004006435.1	WP_010332768.1	K03833	6.7e-79	264.2
GCF_004006435.1	WP_095714111.1	K04103	1.6e-70	236.0
GCF_004006435.1	WP_024122021.1	K06390	4.4e-134	445.0
GCF_004006435.1	WP_106020250.1	K07636	2.4e-125	417.2
GCF_004006435.1	WP_095713202.1	K07657	4.5e-83	277.1
GCF_004006435.1	WP_059336621.1	K16531	2.2e-18	64.1
GCF_004116955.1	WP_010330080.1	K00366	6e-85	283.9
GCF_004116955.1	WP_010331339.1	K00372	6.7e-282	935.7
GCF_004116955.1	WP_010331132.1	K01077	3.7e-117	390.7
GCF_004116955.1	WP_010331406.1	K01113	3.3e-166	552.9
GCF_004116955.1	WP_010330518.1	K01505	8.5e-15	52.3
GCF_004116955.1	WP_010328577.1	K01915	5.8e-108	360.3
GCF_004116955.1	WP_010328745.1	K02406	6e-127	422.8
GCF_004116955.1	WP_010329592.1	K02556	8.7e-96	319.3
GCF_004116955.1	WP_041952540.1	K02557	5.6e-71	237.9
GCF_004116955.1	WP_010331082.1	K03407	2.6e-225	748.2
GCF_004116955.1	WP_010331092.1	K03413	5.5e-47	158.8
GCF_004116955.1	WP_087991688.1	K03833	5.1e-79	264.7
GCF_004116955.1	WP_010331283.1	K04103	4.1e-70	234.7
GCF_004116955.1	WP_010328279.1	K06390	1.7e-133	443.1
GCF_004116955.1	WP_010329692.1	K07636	4.9e-127	422.9
GCF_004116955.1	WP_010328406.1	K07657	1.9e-83	278.4
GCF_004116955.1	WP_010330523.1	K16531	4.3e-20	69.7
GCF_004328925.1	WP_003243849.1	K00366	3.7e-84	281.3
GCF_004328925.1	WP_131227095.1	K00372	3e-279	927.0
GCF_004328925.1	WP_131227262.1	K01077	4.2e-113	377.2
GCF_004328925.1	WP_131227084.1	K01113	2.7e-165	549.8
GCF_004328925.1	WP_014480121.1	K01505	1e-14	52.0
GCF_004328925.1	WP_015252037.1	K01915	3.6e-107	357.7
GCF_004328925.1	WP_021480711.1	K02406	1.4e-126	421.6
GCF_004328925.1	WP_015714528.1	K02556	1.5e-94	315.2
GCF_004328925.1	WP_131227367.1	K02557	4.4e-72	241.6
GCF_004328925.1	WP_131227422.1	K03407	4e-225	747.6
GCF_004328925.1	WP_014476812.1	K03413	5.7e-48	162.1
GCF_004328925.1	WP_003235058.1	K03833	2.1e-79	265.9
GCF_004328925.1	WP_021481718.1	K04103	4.2e-71	238.0
GCF_004328925.1	WP_003230226.1	K06390	4.7e-132	438.4
GCF_004328925.1	WP_131227831.1	K07636	1.7e-125	417.8
GCF_004328925.1	WP_003246107.1	K07657	3.1e-84	280.9
GCF_004328925.1	WP_131227550.1	K16531	8.9e-20	68.7
GCF_004378445.1	WP_014418875.1	K00366	2.6e-83	278.3
GCF_004378445.1	WP_029973912.1	K00372	1.4e-276	918.0
GCF_004378445.1	WP_017417347.1	K01077	1.9e-111	371.6
GCF_004378445.1	WP_029973941.1	K01113	2.5e-168	559.7
GCF_004378445.1	WP_014418255.1	K01505	1.3e-15	54.9
GCF_004378445.1	WP_007410365.1	K01915	1.3e-108	362.2
GCF_004378445.1	WP_021494094.1	K02406	4.1e-139	462.8
GCF_004378445.1	WP_007408775.1	K02556	1.3e-96	321.9
GCF_004378445.1	WP_017417652.1	K02557	2e-72	242.5
GCF_004378445.1	WP_029973461.1	K03407	1.1e-224	746.0
GCF_004378445.1	WP_003154238.1	K03413	1.2e-47	160.8
GCF_004378445.1	WP_007410400.1	K03833	2.1e-79	265.8
GCF_004378445.1	WP_199768232.1	K03834	7.5e-21	72.3
GCF_004378445.1	WP_199768232.1	K03837	1.6e-170	565.2
GCF_004378445.1	WP_134261001.1	K04103	4.4e-72	241.1
GCF_004378445.1	WP_017418128.1	K06390	1.8e-130	433.1
GCF_004378445.1	WP_029973338.1	K07636	8.7e-126	418.6
GCF_004378445.1	WP_003153397.1	K07657	1.4e-83	278.7
GCF_004378445.1	WP_088461189.1	K16531	1.8e-17	60.9
GCF_004563755.2	WP_039167852.1	K00366	1.5e-87	292.4
GCF_004563755.2	WP_135009145.1	K00372	1.3e-278	924.7
GCF_004563755.2	WP_096881187.1	K01077	2e-107	358.4
GCF_004563755.2	WP_007500937.1	K01505	2.8e-15	53.8
GCF_004563755.2	WP_007499421.1	K01915	2.3e-108	361.5
GCF_004563755.2	WP_041092274.1	K02406	6.8e-129	429.1
GCF_004563755.2	WP_008346088.1	K02556	2.1e-92	308.1
GCF_004563755.2	WP_024719648.1	K02557	6.6e-70	234.3
GCF_004563755.2	WP_024720362.1	K03407	5.9e-226	750.2
GCF_004563755.2	WP_003212360.1	K03413	4e-47	159.2
GCF_004563755.2	WP_007496302.1	K03833	2.9e-79	265.4
GCF_004563755.2	WP_008342854.1	K04103	1.9e-70	235.7
GCF_004563755.2	WP_024718857.1	K06390	1.8e-133	443.0
GCF_004563755.2	WP_017358268.1	K07636	1.3e-124	414.8
GCF_004563755.2	WP_007501691.1	K07657	1.4e-84	282.0
GCF_004563755.2	WP_008342707.1	K16531	7.8e-24	82.0
GCF_005234095.1	WP_029946327.1	K00366	3.5e-84	281.3
GCF_005234095.1	WP_128737487.1	K00372	2.7e-280	930.3
GCF_005234095.1	WP_080009778.1	K01077	2.9e-113	377.7
GCF_005234095.1	WP_014475691.1	K01113	1.6e-165	550.5
GCF_005234095.1	WP_024573432.1	K01505	9.9e-15	52.0
GCF_005234095.1	WP_003231737.1	K01915	1.8e-107	358.6
GCF_005234095.1	WP_032726957.1	K02406	9.5e-131	435.3
GCF_005234095.1	WP_014477672.1	K02556	1.8e-94	315.0
GCF_005234095.1	WP_003232473.1	K02557	4.2e-72	241.5
GCF_005234095.1	WP_015483230.1	K03407	2.8e-225	748.0
GCF_005234095.1	WP_014476812.1	K03413	5.4e-48	162.1
GCF_005234095.1	WP_017695827.1	K03833	3.6e-79	265.1
GCF_005234095.1	WP_137200588.1	K04103	9e-71	236.8
GCF_005234095.1	WP_086344072.1	K06390	4.5e-132	438.4
GCF_005234095.1	WP_134982329.1	K07636	4.2e-125	416.4
GCF_005234095.1	WP_003246107.1	K07657	3e-84	280.9
GCF_005234095.1	WP_032726037.1	K16531	1.1e-20	71.6
GCF_008831405.1	WP_029725918.1	K00366	8.1e-84	280.1
GCF_008831405.1	WP_038427346.1	K00372	6.3e-281	932.5
GCF_008831405.1	WP_072692869.1	K01077	4.7e-113	377.0
GCF_008831405.1	WP_038427315.1	K01113	9.9e-166	551.3
GCF_008831405.1	WP_029726772.1	K01505	1.7e-14	51.2
GCF_008831405.1	WP_015252037.1	K01915	3.5e-107	357.7
GCF_008831405.1	WP_029725988.1	K02406	3.6e-133	443.3
GCF_008831405.1	WP_014477672.1	K02556	1.8e-94	315.0
GCF_008831405.1	WP_003232473.1	K02557	4.3e-72	241.5
GCF_008831405.1	WP_014476817.1	K03407	2.5e-225	748.2
GCF_008831405.1	WP_014476812.1	K03413	5.5e-48	162.1
GCF_008831405.1	WP_003235058.1	K03833	2.1e-79	265.9
GCF_008831405.1	WP_003246569.1	K04103	3.8e-71	238.1
GCF_008831405.1	WP_032722103.1	K06390	3.8e-132	438.7
GCF_008831405.1	WP_029726381.1	K07636	6.9e-125	415.8
GCF_008831405.1	WP_003246107.1	K07657	3e-84	280.9
GCF_008831405.1	WP_021481536.1	K16531	1.1e-20	71.6
GCF_012955605.1	WP_170007463.1	K00366	2.2e-19	66.7
GCF_012955605.1	WP_170008401.1	K00372	1.7e-205	682.4
GCF_012955605.1	WP_170008294.1	K01077	3.9e-98	327.3
GCF_012955605.1	WP_170007150.1	K01505	1.3e-15	54.5
GCF_012955605.1	WP_170007272.1	K01915	5.3e-108	359.9
GCF_012955605.1	WP_170008234.1	K02406	6.8e-29	98.8
GCF_012955605.1	WP_170008372.1	K02556	6.9e-94	312.6
GCF_012955605.1	WP_170007949.1	K02557	1.3e-74	249.4
GCF_012955605.1	WP_170007394.1	K03407	2.3e-224	744.6
GCF_012955605.1	WP_170007404.1	K03413	9.7e-47	157.5
GCF_012955605.1	WP_170007253.1	K03833	2.4e-130	434.0
GCF_012955605.1	WP_170008144.1	K04103	2.4e-68	228.4
GCF_012955605.1	WP_170007624.1	K06390	1.6e-124	413.2
GCF_012955605.1	WP_228027619.1	K07636	1.2e-129	431.0
GCF_012955605.1	WP_170007514.1	K07657	2.5e-86	287.4
GCF_012955605.1	WP_170007769.1	K16531	1.4e-16	57.6
GCF_013342875.1	WP_047183176.1	K00366	2.8e-84	281.7
GCF_013342875.1	WP_047182059.1	K00372	4.3e-279	926.4
GCF_013342875.1	WP_080344160.1	K01077	4e-113	377.3
GCF_013342875.1	WP_015382673.1	K01113	1.5e-165	550.7
GCF_013342875.1	WP_015383968.1	K01505	9.9e-15	52.0
GCF_013342875.1	WP_003231737.1	K01915	1.9e-107	358.6
GCF_013342875.1	WP_029725988.1	K02406	3.6e-133	443.3
GCF_013342875.1	WP_014477672.1	K02556	1.9e-94	315.0
GCF_013342875.1	WP_003232473.1	K02557	4.4e-72	241.5
GCF_013342875.1	WP_015483230.1	K03407	2.9e-225	748.0
GCF_013342875.1	WP_014476812.1	K03413	5.6e-48	162.1
GCF_013342875.1	WP_003235058.1	K03833	2.1e-79	265.9
GCF_013342875.1	WP_047182118.1	K04103	6.6e-72	240.6
GCF_013342875.1	WP_003230226.1	K06390	4.6e-132	438.4
GCF_013342875.1	WP_047183011.1	K07636	4.4e-126	419.7
GCF_013342875.1	WP_003246107.1	K07657	3.1e-84	280.9
GCF_013342875.1	WP_047182804.1	K16531	6.8e-21	72.4
GCF_013347105.1	WP_024122835.1	K00366	1e-84	283.1
GCF_013347105.1	WP_106021076.1	K00372	3e-279	927.0
GCF_013347105.1	WP_106020847.1	K01077	4.7e-116	387.0
GCF_013347105.1	WP_106021195.1	K01113	2.9e-164	546.5
GCF_013347105.1	WP_106020026.1	K01505	3e-15	53.8
GCF_013347105.1	WP_024121509.1	K01915	5.9e-107	357.0
GCF_013347105.1	WP_106019634.1	K02406	4e-129	430.0
GCF_013347105.1	WP_024122512.1	K02556	1.7e-95	318.4
GCF_013347105.1	WP_024121173.1	K02557	1.3e-71	240.0
GCF_013347105.1	WP_106020713.1	K03407	3.8e-226	750.9
GCF_013347105.1	WP_010334256.1	K03413	1.6e-47	160.6
GCF_013347105.1	WP_010332768.1	K03833	6.9e-79	264.2
GCF_013347105.1	WP_095714111.1	K04103	1.6e-70	236.0
GCF_013347105.1	WP_024122021.1	K06390	4.6e-134	445.0
GCF_013347105.1	WP_106020250.1	K07636	2.5e-125	417.2
GCF_013347105.1	WP_095713202.1	K07657	4.7e-83	277.1
GCF_013347105.1	WP_059336621.1	K16531	2.2e-18	64.1
GCF_013348705.1	WP_012118438.1	K00366	2.6e-83	278.3
GCF_013348705.1	WP_011996307.1	K00372	4.1e-277	919.7
GCF_013348705.1	WP_012117173.1	K01077	7e-111	369.7
GCF_013348705.1	WP_011996268.1	K01113	7.6e-168	558.1
GCF_013348705.1	WP_012117857.1	K01505	1.7e-15	54.4
GCF_013348705.1	WP_007410365.1	K01915	1.3e-108	362.2
GCF_013348705.1	WP_007614094.1	K02406	5.3e-138	459.1
GCF_013348705.1	WP_012118208.1	K02556	1.3e-96	321.8
GCF_013348705.1	WP_003154685.1	K02557	1.8e-72	242.6
GCF_013348705.1	WP_023356898.1	K03407	3.5e-225	747.6
GCF_013348705.1	WP_003154238.1	K03413	1.2e-47	160.8
GCF_013348705.1	WP_007410400.1	K03833	2.1e-79	265.8
GCF_013348705.1	WP_012116839.1	K04103	1.5e-71	239.3
GCF_013348705.1	WP_012117969.1	K06390	8.9e-131	434.1
GCF_013348705.1	WP_012118165.1	K07636	6.1e-126	419.1
GCF_013348705.1	WP_003153397.1	K07657	1.4e-83	278.7
GCF_013348705.1	WP_088461189.1	K16531	1.8e-17	60.9
GCF_014042035.1	WP_154994899.1	K00366	1e-84	283.1
GCF_014042035.1	WP_182069286.1	K00372	3.8e-279	926.6
GCF_014042035.1	WP_182070412.1	K01077	1.7e-99	332.3
GCF_014042035.1	WP_182069465.1	K01113	2.2e-168	560.0
GCF_014042035.1	WP_154998185.1	K01505	6.6e-16	55.9
GCF_014042035.1	WP_003182145.1	K01915	1.4e-108	362.3
GCF_014042035.1	WP_146874673.1	K02406	2.6e-130	433.9
GCF_014042035.1	WP_076791151.1	K02556	8.1e-94	312.8
GCF_014042035.1	WP_154996025.1	K02557	2.5e-73	245.6
GCF_014042035.1	WP_182070680.1	K03407	3e-224	744.7
GCF_014042035.1	WP_003181796.1	K03413	2.3e-46	156.7
GCF_014042035.1	WP_003178321.1	K03833	1.7e-79	266.2
GCF_014042035.1	WP_154999801.1	K03834	3.1e-14	50.6
GCF_014042035.1	WP_154995881.1	K04103	1.8e-68	229.3
GCF_014042035.1	WP_182070395.1	K06390	1.8e-131	436.5
GCF_014042035.1	WP_182070238.1	K07636	2.7e-124	413.8
GCF_014042035.1	WP_043928422.1	K07657	7.9e-83	276.3
GCF_014042035.1	WP_182070467.1	K16531	1.1e-20	71.6
GCF_014673515.1	WP_003180762.1	K00366	5.8e-86	287.2
GCF_014673515.1	WP_011197552.1	K00372	1.5e-277	921.3
GCF_014673515.1	WP_011198101.1	K01077	5.4e-102	340.5
GCF_014673515.1	WP_003178586.1	K01113	1.9e-168	560.2
GCF_014673515.1	WP_003182974.1	K01505	5.8e-16	56.1
GCF_014673515.1	WP_003182145.1	K01915	1.4e-108	362.3
GCF_014673515.1	WP_263282247.1	K02406	4.7e-44	149.3
GCF_014673515.1	WP_011198198.1	K02556	2.8e-94	314.4
GCF_014673515.1	WP_003181091.1	K02557	2.6e-73	245.5
GCF_014673515.1	WP_009328508.1	K03407	1e-224	746.2
GCF_014673515.1	WP_003181796.1	K03413	2.3e-46	156.7
GCF_014673515.1	WP_003178321.1	K03833	1.7e-79	266.2
GCF_014673515.1	WP_003184100.1	K04103	3.1e-68	228.5
GCF_014673515.1	WP_003183411.1	K06390	1.3e-130	433.6
GCF_014673515.1	WP_009329362.1	K07636	3.9e-124	413.3
GCF_014673515.1	WP_003183084.1	K07657	7.6e-83	276.3
GCF_014673515.1	WP_003182961.1	K16531	3.7e-21	73.2
GCF_014842935.1	WP_039253860.1	K00366	3.5e-83	277.9
GCF_014842935.1	WP_039252838.1	K00372	1e-276	918.4
GCF_014842935.1	WP_033575133.1	K01113	1.6e-167	557.1
GCF_014842935.1	WP_020954213.1	K01505	1.1e-15	55.1
GCF_014842935.1	WP_007410365.1	K01915	1.3e-108	362.2
GCF_014842935.1	WP_039253658.1	K02406	7.5e-137	455.4
GCF_014842935.1	WP_007408775.1	K02556	1.3e-96	321.9
GCF_014842935.1	WP_003154685.1	K02557	1.9e-72	242.6
GCF_014842935.1	WP_039251503.1	K03407	1.5e-225	748.9
GCF_014842935.1	WP_003154238.1	K03413	1.2e-47	160.8
GCF_014842935.1	WP_007410400.1	K03833	2.1e-79	265.8
GCF_014842935.1	WP_039252713.1	K04103	4.9e-72	240.9
GCF_014842935.1	WP_039254506.1	K06390	1.2e-130	433.7
GCF_014842935.1	WP_039254239.1	K07636	3.7e-125	416.5
GCF_014842935.1	WP_003153397.1	K07657	1.4e-83	278.7
GCF_014842935.1	WP_088461189.1	K16531	1.8e-17	60.9
GCF_015732475.1	WP_015387719.1	K00366	1.2e-83	279.6
GCF_015732475.1	WP_196616549.1	K00372	1.5e-182	606.9
GCF_015732475.1	WP_003155322.1	K01077	1.3e-110	368.9
GCF_015732475.1	WP_014304274.1	K01113	1.6e-167	557.1
GCF_015732475.1	WP_196616011.1	K01505	9.5e-16	55.3
GCF_015732475.1	WP_003154048.1	K01915	1.3e-108	362.3
GCF_015732475.1	WP_015387631.1	K02406	8.5e-139	461.8
GCF_015732475.1	WP_003152386.1	K02556	5.9e-97	323.1
GCF_015732475.1	WP_003154685.1	K02557	1.9e-72	242.6
GCF_015732475.1	WP_015388231.1	K03407	1.3e-225	749.2
GCF_015732475.1	WP_003154238.1	K03413	1.3e-47	160.8
GCF_015732475.1	WP_003156451.1	K03833	3.1e-79	265.3
GCF_015732475.1	WP_196479392.1	K03834	3.5e-20	70.1
GCF_015732475.1	WP_196479392.1	K03837	2.2e-170	564.8
GCF_015732475.1	WP_014304370.1	K04103	1.6e-72	242.6
GCF_015732475.1	WP_044053459.1	K06390	1.2e-130	433.8
GCF_015732475.1	WP_015387864.1	K07636	4.8e-126	419.5
GCF_015732475.1	WP_003153397.1	K07657	1.5e-83	278.7
GCF_015732475.1	WP_088005508.1	K16531	3.6e-17	60.0
GCF_016904925.1	WP_052827842.1	K00366	2.1e-83	278.7
GCF_016904925.1	WP_204530467.1	K00372	1.1e-181	604.1
GCF_016904925.1	WP_204530400.1	K01077	4.8e-111	370.4
GCF_016904925.1	WP_204530239.1	K01113	2.3e-167	556.6
GCF_016904925.1	WP_101562230.1	K01505	1.5e-15	54.6
GCF_016904925.1	WP_003154048.1	K01915	1.3e-108	362.3
GCF_016904925.1	WP_007407474.1	K02406	7e-138	458.8
GCF_016904925.1	WP_156735661.1	K02556	2.5e-96	321.1
GCF_016904925.1	WP_014417581.1	K02557	1.9e-72	242.7
GCF_016904925.1	WP_156735039.1	K03407	1.3e-225	749.1
GCF_016904925.1	WP_003154238.1	K03413	1.2e-47	160.8
GCF_016904925.1	WP_003156451.1	K03833	3e-79	265.3
GCF_016904925.1	WP_174738400.1	K04103	3.9e-72	241.3
GCF_016904925.1	WP_044053459.1	K06390	1.1e-130	433.8
GCF_016904925.1	WP_109567112.1	K07636	4.7e-126	419.6
GCF_016904925.1	WP_003153397.1	K07657	1.4e-83	278.7
GCF_016904925.1	WP_088005508.1	K16531	3.6e-17	60.0
GCF_017338795.1	WP_098408009.1	K00366	9.7e-86	286.5
GCF_017338795.1	WP_016885148.1	K00372	8.9e-278	922.1
GCF_017338795.1	WP_003183293.1	K01077	8.6e-102	339.9
GCF_017338795.1	WP_003178586.1	K01113	2e-168	560.2
GCF_017338795.1	WP_003182974.1	K01505	6.1e-16	56.1
GCF_017338795.1	WP_003182145.1	K01915	1.4e-108	362.3
GCF_017338795.1	WP_057957824.1	K02406	1.1e-134	448.3
GCF_017338795.1	WP_009329389.1	K02556	2.2e-94	314.7
GCF_017338795.1	WP_003181091.1	K02557	2.7e-73	245.5
GCF_017338795.1	WP_009328508.1	K03407	1.1e-224	746.2
GCF_017338795.1	WP_003181796.1	K03413	2.4e-46	156.7
GCF_017338795.1	WP_003178321.1	K03833	1.8e-79	266.2
GCF_017338795.1	WP_003184100.1	K04103	3.3e-68	228.5
GCF_017338795.1	WP_003183411.1	K06390	1.4e-130	433.6
GCF_017338795.1	WP_003184312.1	K07636	4.2e-124	413.2
GCF_017338795.1	WP_003183084.1	K07657	8e-83	276.3
GCF_017338795.1	WP_061565947.1	K16531	1.8e-20	71.0
GCF_018530835.1	WP_003243849.1	K00366	3.5e-84	281.3
GCF_018530835.1	WP_061891261.1	K00372	4.3e-278	923.1
GCF_018530835.1	WP_080480994.1	K01077	1.4e-113	378.7
GCF_018530835.1	WP_014478721.1	K01113	1.4e-165	550.8
GCF_018530835.1	WP_014480121.1	K01505	9.5e-15	52.0
GCF_018530835.1	WP_003231737.1	K01915	1.8e-107	358.6
GCF_018530835.1	WP_003228021.1	K02406	7.3e-130	432.4
GCF_018530835.1	WP_014477672.1	K02556	1.8e-94	315.0
GCF_018530835.1	WP_003232473.1	K02557	4.2e-72	241.5
GCF_018530835.1	WP_014476817.1	K03407	2.5e-225	748.2
GCF_018530835.1	WP_014476812.1	K03413	5.4e-48	162.1
GCF_018530835.1	WP_003235058.1	K03833	2e-79	265.9
GCF_018530835.1	WP_046380791.1	K04103	4.7e-71	237.8
GCF_018530835.1	WP_029317922.1	K06390	4.5e-132	438.4
GCF_018530835.1	WP_004398493.1	K07636	3.7e-125	416.6
GCF_018530835.1	WP_003246107.1	K07657	3e-84	280.9
GCF_018530835.1	WP_003230620.1	K16531	1.1e-20	71.6
GCF_019285615.1	WP_003151735.1	K00366	1.8e-83	279.0
GCF_019285615.1	WP_218791480.1	K00372	2.1e-277	920.8
GCF_019285615.1	WP_015239477.1	K01077	4.2e-111	370.6
GCF_019285615.1	WP_218791468.1	K01113	1.8e-167	557.0
GCF_019285615.1	WP_015240101.1	K01505	1.1e-15	55.1
GCF_019285615.1	WP_007410365.1	K01915	1.5e-108	362.2
GCF_019285615.1	WP_007614094.1	K02406	5.9e-138	459.1
GCF_019285615.1	WP_218791327.1	K02556	4.2e-95	317.1
GCF_019285615.1	WP_003154685.1	K02557	2e-72	242.6
GCF_019285615.1	WP_122503907.1	K03407	3.6e-225	747.7
GCF_019285615.1	WP_003154238.1	K03413	1.3e-47	160.8
GCF_019285615.1	WP_007410400.1	K03833	2.3e-79	265.8
GCF_019285615.1	WP_014416943.1	K04103	4.9e-72	241.0
GCF_019285615.1	WP_007408342.1	K06390	1.4e-130	433.6
GCF_019285615.1	WP_025285095.1	K07636	6.7e-126	419.1
GCF_019285615.1	WP_003153397.1	K07657	1.5e-83	278.7
GCF_019285615.1	WP_095532179.1	K16531	1.3e-17	61.5
GCF_019880425.1	WP_191389207.1	K00366	2.2e-83	278.7
GCF_019880425.1	WP_174747470.1	K00372	1.9e-276	917.6
GCF_019880425.1	WP_043021357.1	K01077	1.9e-111	371.7
GCF_019880425.1	WP_021495297.1	K01113	1.6e-167	557.2
GCF_019880425.1	WP_014418255.1	K01505	1.3e-15	54.9
GCF_019880425.1	WP_007410365.1	K01915	1.4e-108	362.2
GCF_019880425.1	WP_022553864.1	K02406	2.1e-139	463.8
GCF_019880425.1	WP_007408775.1	K02556	1.4e-96	321.9
GCF_019880425.1	WP_017417652.1	K02557	2.1e-72	242.5
GCF_019880425.1	WP_022553341.1	K03407	5.9e-225	746.9
GCF_019880425.1	WP_003154238.1	K03413	1.3e-47	160.8
GCF_019880425.1	WP_007410400.1	K03833	2.2e-79	265.8
GCF_019880425.1	WP_201741795.1	K03834	2.2e-21	74.1
GCF_019880425.1	WP_201741795.1	K03837	1.5e-170	565.4
GCF_019880425.1	WP_191389486.1	K04103	1.7e-71	239.2
GCF_019880425.1	WP_007408342.1	K06390	1.3e-130	433.6
GCF_019880425.1	WP_022552838.1	K07636	1.5e-125	417.9
GCF_019880425.1	WP_003153397.1	K07657	1.5e-83	278.7
GCF_019880425.1	WP_088461189.1	K16531	1.9e-17	60.9
GCF_020149955.1	WP_025649282.1	K00366	2.2e-83	278.7
GCF_020149955.1	WP_017419377.1	K00372	6.5e-277	919.1
GCF_020149955.1	WP_017417347.1	K01077	2e-111	371.6
GCF_020149955.1	WP_129093581.1	K01113	6.1e-167	555.2
GCF_020149955.1	WP_014418255.1	K01505	1.3e-15	54.9
GCF_020149955.1	WP_017417829.1	K01915	1.1e-108	362.5
GCF_020149955.1	WP_017418819.1	K02406	3.6e-139	463.1
GCF_020149955.1	WP_007408775.1	K02556	1.4e-96	321.9
GCF_020149955.1	WP_017417652.1	K02557	2.1e-72	242.5
GCF_020149955.1	WP_021493681.1	K03407	6.5e-225	746.8
GCF_020149955.1	WP_003154238.1	K03413	1.3e-47	160.8
GCF_020149955.1	WP_007410400.1	K03833	2.2e-79	265.8
GCF_020149955.1	WP_014304370.1	K04103	1.6e-72	242.6
GCF_020149955.1	WP_017418128.1	K06390	1.9e-130	433.1
GCF_020149955.1	WP_065181001.1	K07636	7.9e-126	418.8
GCF_020149955.1	WP_003153397.1	K07657	1.5e-83	278.7
GCF_020149955.1	WP_088461189.1	K16531	1.9e-17	60.9
GCF_021892375.1	WP_003151735.1	K00366	1.7e-83	279.0
GCF_021892375.1	WP_108725174.1	K00372	4.1e-277	919.7
GCF_021892375.1	WP_108725077.1	K01077	2e-111	371.5
GCF_021892375.1	WP_021495297.1	K01113	1.5e-167	557.2
GCF_021892375.1	WP_020954213.1	K01505	1.1e-15	55.1
GCF_021892375.1	WP_007410365.1	K01915	1.4e-108	362.2
GCF_021892375.1	WP_038460035.1	K02406	7e-138	458.8
GCF_021892375.1	WP_007408775.1	K02556	1.3e-96	321.9
GCF_021892375.1	WP_003154685.1	K02557	1.9e-72	242.6
GCF_021892375.1	WP_007409792.1	K03407	1e-225	749.4
GCF_021892375.1	WP_003154238.1	K03413	1.2e-47	160.8
GCF_021892375.1	WP_007410400.1	K03833	2.1e-79	265.8
GCF_021892375.1	WP_014416943.1	K04103	4.6e-72	241.0
GCF_021892375.1	WP_007408342.1	K06390	1.3e-130	433.6
GCF_021892375.1	WP_237436586.1	K07636	7.7e-126	418.8
GCF_021892375.1	WP_003153397.1	K07657	1.4e-83	278.7
GCF_021892375.1	WP_095532179.1	K16531	1.2e-17	61.5
GCF_022808645.1	WP_243298452.1	K00366	5.5e-21	72.5
GCF_022808645.1	WP_041846742.1	K00372	3e-31	106.3
GCF_022808645.1	WP_243298696.1	K01077	8.5e-118	392.8
GCF_022808645.1	WP_243298508.1	K01505	6e-12	42.9
GCF_022808645.1	WP_243296512.1	K01915	1.1e-107	359.3
GCF_022808645.1	WP_243299769.1	K02406	6.6e-133	442.5
GCF_022808645.1	WP_243299215.1	K02556	1.2e-97	325.5
GCF_022808645.1	WP_279326852.1	K02557	6e-73	244.4
GCF_022808645.1	WP_243296417.1	K03407	1.4e-222	739.2
GCF_022808645.1	WP_243296407.1	K03413	6.4e-48	161.9
GCF_022808645.1	WP_243300371.1	K03833	2.2e-137	457.8
GCF_022808645.1	WP_243299306.1	K04103	1.2e-69	233.3
GCF_022808645.1	WP_243297255.1	K06390	4.2e-128	425.5
GCF_022808645.1	WP_243300148.1	K07636	6.8e-130	432.3
GCF_022808645.1	WP_243298999.1	K07657	3.5e-83	277.5
GCF_022808645.1	WP_243300398.1	K16531	8.6e-22	75.4
GCF_022808785.1	WP_243356382.1	K00366	6.9e-22	75.5
GCF_022808785.1	WP_243354671.1	K01077	1.3e-117	392.2
GCF_022808785.1	WP_243298508.1	K01505	6.1e-12	42.9
GCF_022808785.1	WP_243296512.1	K01915	1.2e-107	359.3
GCF_022808785.1	WP_279326373.1	K02406	6e-118	393.2
GCF_022808785.1	WP_243299215.1	K02556	1.2e-97	325.5
GCF_022808785.1	WP_279326268.1	K02557	3.5e-73	245.2
GCF_022808785.1	WP_243296417.1	K03407	1.4e-222	739.2
GCF_022808785.1	WP_243296407.1	K03413	6.5e-48	161.9
GCF_022808785.1	WP_243354258.1	K03833	3.8e-138	460.4
GCF_022808785.1	WP_243298110.1	K04103	6.8e-67	224.2
GCF_022808785.1	WP_243355099.1	K06390	8.3e-129	427.8
GCF_022808785.1	WP_243300148.1	K07636	7e-130	432.3
GCF_022808785.1	WP_243298999.1	K07657	3.6e-83	277.5
GCF_022808785.1	WP_243300398.1	K16531	8.7e-22	75.4
GCF_024262145.1	WP_212339117.1	K00366	8.8e-88	293.1
GCF_024262145.1	WP_025207473.1	K00372	8.8e-278	921.9
GCF_024262145.1	WP_041507529.1	K01077	3.9e-107	357.3
GCF_024262145.1	WP_052320777.1	K01505	4.2e-15	53.1
GCF_024262145.1	WP_007499421.1	K01915	2.2e-108	361.5
GCF_024262145.1	WP_008346306.1	K02406	6e-129	429.2
GCF_024262145.1	WP_008346088.1	K02556	2e-92	308.1
GCF_024262145.1	WP_019743067.1	K02557	1.5e-69	233.1
GCF_024262145.1	WP_052320408.1	K03407	2e-225	748.4
GCF_024262145.1	WP_007499584.1	K03413	1.7e-47	160.3
GCF_024262145.1	WP_007496302.1	K03833	2.8e-79	265.4
GCF_024262145.1	WP_008342854.1	K04103	1.8e-70	235.7
GCF_024262145.1	WP_254505592.1	K06390	6.3e-134	444.4
GCF_024262145.1	WP_048001854.1	K07636	1.4e-124	414.7
GCF_024262145.1	WP_007501691.1	K07657	1.4e-84	282.0
GCF_024262145.1	WP_008342707.1	K16531	7.4e-24	82.0
GCF_024262185.1	WP_015714700.1	K00366	5.2e-84	280.9
GCF_024262185.1	WP_088467517.1	K00372	9.1e-281	932.0
GCF_024262185.1	WP_072692869.1	K01077	5e-113	377.0
GCF_024262185.1	WP_254462364.1	K01113	2.3e-165	550.1
GCF_024262185.1	WP_014480121.1	K01505	1e-14	52.0
GCF_024262185.1	WP_003231737.1	K01915	2e-107	358.6
GCF_024262185.1	WP_015714795.1	K02406	3.3e-128	427.0
GCF_024262185.1	WP_014477672.1	K02556	1.9e-94	315.0
GCF_024262185.1	WP_003232473.1	K02557	4.6e-72	241.5
GCF_024262185.1	WP_014476817.1	K03407	2.7e-225	748.2
GCF_024262185.1	WP_014476812.1	K03413	5.8e-48	162.1
GCF_024262185.1	WP_003235058.1	K03833	2.2e-79	265.9
GCF_024262185.1	WP_003234370.1	K04103	8.6e-71	237.0
GCF_024262185.1	WP_043857806.1	K06390	6.4e-132	438.0
GCF_024262185.1	WP_019712901.1	K07636	1.8e-125	417.8
GCF_024262185.1	WP_015714188.1	K07657	7.3e-84	279.8
GCF_024262185.1	WP_003230620.1	K16531	1.2e-20	71.6
GCF_024919095.1	WP_003151735.1	K00366	1.7e-83	279.0
GCF_024919095.1	WP_259424950.1	K00372	3.4e-276	916.7
GCF_024919095.1	WP_259425202.1	K01077	3.6e-111	370.7
GCF_024919095.1	WP_033575133.1	K01113	1.6e-167	557.1
GCF_024919095.1	WP_015417720.1	K01505	1.1e-15	55.0
GCF_024919095.1	WP_007410365.1	K01915	1.3e-108	362.2
GCF_024919095.1	WP_259424624.1	K02406	1.4e-137	457.8
GCF_024919095.1	WP_007408775.1	K02556	1.3e-96	321.9
GCF_024919095.1	WP_003154685.1	K02557	1.8e-72	242.6
GCF_024919095.1	WP_259425509.1	K03407	4.8e-225	747.2
GCF_024919095.1	WP_003154238.1	K03413	1.2e-47	160.8
GCF_024919095.1	WP_007410400.1	K03833	2.1e-79	265.8
GCF_024919095.1	WP_259425601.1	K03834	2.3e-20	70.7
GCF_024919095.1	WP_259425601.1	K03837	1.2e-170	565.6
GCF_024919095.1	WP_168985134.1	K04103	1.3e-71	239.6
GCF_024919095.1	WP_007408342.1	K06390	1.3e-130	433.6
GCF_024919095.1	WP_259424375.1	K07636	4.3e-125	416.3
GCF_024919095.1	WP_003153397.1	K07657	1.4e-83	278.7
GCF_024919095.1	WP_088461189.1	K16531	1.8e-17	60.9
GCF_025426155.1	WP_015384634.1	K00366	3.5e-84	281.3
GCF_025426155.1	WP_015382724.1	K00372	7.1e-280	928.9
GCF_025426155.1	WP_015382905.1	K01077	2.7e-113	377.8
GCF_025426155.1	WP_015382673.1	K01113	1.4e-165	550.7
GCF_025426155.1	WP_015383968.1	K01505	9.3e-15	52.0
GCF_025426155.1	WP_003231737.1	K01915	1.8e-107	358.6
GCF_025426155.1	WP_029725988.1	K02406	3.4e-133	443.3
GCF_025426155.1	WP_014477672.1	K02556	1.8e-94	315.0
GCF_025426155.1	WP_003232473.1	K02557	4.1e-72	241.5
GCF_025426155.1	WP_015483230.1	K03407	2.8e-225	748.0
GCF_025426155.1	WP_014476812.1	K03413	5.3e-48	162.1
GCF_025426155.1	WP_003235058.1	K03833	2e-79	265.9
GCF_025426155.1	WP_015382807.1	K04103	3.4e-71	238.2
GCF_025426155.1	WP_003230226.1	K06390	4.4e-132	438.4
GCF_025426155.1	WP_015483551.1	K07636	2.5e-126	420.4
GCF_025426155.1	WP_003246107.1	K07657	2.9e-84	280.9
GCF_025426155.1	WP_015483375.1	K16531	5.2e-21	72.7
GCF_025460705.1	WP_128993411.1	K00366	3.6e-84	281.3
GCF_025460705.1	WP_262120075.1	K00372	9.7e-280	928.6
GCF_025460705.1	WP_015382905.1	K01077	2.9e-113	377.8
GCF_025460705.1	WP_014475691.1	K01113	1.7e-165	550.5
GCF_025460705.1	WP_029317985.1	K01505	9.6e-15	52.1
GCF_025460705.1	WP_003231737.1	K01915	1.9e-107	358.6
GCF_025460705.1	WP_021480711.1	K02406	1.4e-126	421.6
GCF_025460705.1	WP_015714528.1	K02556	1.5e-94	315.2
GCF_025460705.1	WP_003232473.1	K02557	4.4e-72	241.5
GCF_025460705.1	WP_262119808.1	K03407	3.6e-225	747.7
GCF_025460705.1	WP_014476812.1	K03413	5.6e-48	162.1
GCF_025460705.1	WP_003235058.1	K03833	2.1e-79	265.9
GCF_025460705.1	WP_128992423.1	K04103	2.9e-71	238.5
GCF_025460705.1	WP_262119336.1	K06390	6.3e-132	438.0
GCF_025460705.1	WP_262119192.1	K07636	1.2e-125	418.3
GCF_025460705.1	WP_003246107.1	K07657	3.1e-84	280.9
GCF_025460705.1	WP_003230620.1	K16531	1.2e-20	71.6
GCF_025837035.1	WP_264099254.1	K00366	1.7e-82	275.8
GCF_025837035.1	WP_264099452.1	K00372	5.7e-281	932.6
GCF_025837035.1	WP_029725845.1	K01077	1.3e-113	378.9
GCF_025837035.1	WP_264099440.1	K01113	4.2e-165	549.2
GCF_025837035.1	WP_120028319.1	K01505	1e-14	52.0
GCF_025837035.1	WP_015252037.1	K01915	3.5e-107	357.7
GCF_025837035.1	WP_029725988.1	K02406	3.5e-133	443.3
GCF_025837035.1	WP_014477672.1	K02556	1.8e-94	315.0
GCF_025837035.1	WP_003232473.1	K02557	4.3e-72	241.5
GCF_025837035.1	WP_264099823.1	K03407	3.4e-225	747.8
GCF_025837035.1	WP_014476812.1	K03413	5.5e-48	162.1
GCF_025837035.1	WP_003235058.1	K03833	2.1e-79	265.9
GCF_025837035.1	WP_003246569.1	K04103	3.8e-71	238.1
GCF_025837035.1	WP_015714242.1	K06390	6.5e-132	437.9
GCF_025837035.1	WP_264099128.1	K07636	5.4e-125	416.1
GCF_025837035.1	WP_003246107.1	K07657	3e-84	280.9
GCF_025837035.1	WP_032726037.1	K16531	1.2e-20	71.6
GCF_026787105.1	WP_257802817.1	K00366	1.8e-86	288.8
GCF_026787105.1	WP_073205901.1	K00372	5.2e-275	912.8
GCF_026787105.1	WP_024425291.1	K01077	5.2e-106	353.6
GCF_026787105.1	WP_122631040.1	K01505	4e-15	53.2
GCF_026787105.1	WP_122631366.1	K01915	1e-108	362.6
GCF_026787105.1	WP_034623420.1	K02406	1.3e-127	424.9
GCF_026787105.1	WP_024424680.1	K02556	1e-92	309.1
GCF_026787105.1	WP_024424679.1	K02557	1.2e-69	233.4
GCF_026787105.1	WP_268416240.1	K03407	9.8e-225	746.1
GCF_026787105.1	WP_268416247.1	K03413	3.7e-47	159.2
GCF_026787105.1	WP_024425595.1	K03833	2.6e-79	265.5
GCF_026787105.1	WP_025092480.1	K04103	1.5e-71	239.3
GCF_026787105.1	WP_024428002.1	K06390	2.9e-131	435.7
GCF_026787105.1	WP_024424787.1	K07636	4.5e-124	413.0
GCF_026787105.1	WP_024426141.1	K07657	3.9e-84	280.5
GCF_026787105.1	WP_025092425.1	K16531	4.4e-30	102.6
GCF_026787785.1	WP_144461968.1	K00366	2.2e-87	291.9
GCF_026787785.1	WP_268466881.1	K00372	4.7e-86	287.6
GCF_026787785.1	WP_058014429.1	K01077	1.3e-105	352.4
GCF_026787785.1	WP_058014817.1	K01505	2.8e-15	53.8
GCF_026787785.1	WP_058013910.1	K01915	9e-109	362.9
GCF_026787785.1	WP_058014260.1	K02406	5.9e-132	439.3
GCF_026787785.1	WP_003212085.1	K02556	4.6e-93	310.3
GCF_026787785.1	WP_058014151.1	K02557	1e-68	230.4
GCF_026787785.1	WP_058013981.1	K03407	9.9e-225	746.2
GCF_026787785.1	WP_007499584.1	K03413	1.8e-47	160.3
GCF_026787785.1	WP_058015804.1	K03833	2.7e-79	265.5
GCF_026787785.1	WP_044139976.1	K04103	6.8e-72	240.5
GCF_026787785.1	WP_268466068.1	K06390	2e-133	442.8
GCF_026787785.1	WP_058015094.1	K07636	5.4e-124	412.8
GCF_026787785.1	WP_058015093.1	K07657	3.5e-84	280.7
GCF_026787785.1	WP_058014569.1	K16531	1.8e-22	77.5
GCF_026793695.1	WP_268289804.1	K00366	4.3e-84	281.0
GCF_026793695.1	WP_268312828.1	K00372	6.5e-279	925.8
GCF_026793695.1	WP_080428964.1	K01077	5.1e-115	383.5
GCF_026793695.1	WP_003241303.1	K01113	1.2e-164	547.6
GCF_026793695.1	WP_060398902.1	K01505	2.6e-14	50.6
GCF_026793695.1	WP_003238339.1	K01915	4.5e-107	357.3
GCF_026793695.1	WP_268280983.1	K02406	1.6e-129	431.2
GCF_026793695.1	WP_060400050.1	K02556	1.6e-95	318.4
GCF_026793695.1	WP_268272378.1	K02557	9e-71	237.2
GCF_026793695.1	WP_225515030.1	K03407	1.1e-225	749.4
GCF_026793695.1	WP_003220882.1	K03413	1.1e-47	161.1
GCF_026793695.1	WP_003242008.1	K03833	2.8e-79	265.5
GCF_026793695.1	WP_268293728.1	K04103	4.6e-71	237.8
GCF_026793695.1	WP_003236905.1	K06390	3.9e-133	441.9
GCF_026793695.1	WP_268312974.1	K07636	5.9e-124	412.7
GCF_026793695.1	WP_060398923.1	K07657	1.5e-83	278.7
GCF_026793695.1	WP_060398897.1	K16531	5.8e-20	69.2
GCF_026793855.1	WP_003326931.1	K00366	1.2e-83	279.6
GCF_026793855.1	WP_268529346.1	K00372	1.6e-273	907.9
GCF_026793855.1	WP_088116603.1	K01077	1.7e-113	378.5
GCF_026793855.1	WP_268529406.1	K01113	1.9e-164	547.0
GCF_026793855.1	WP_268478038.1	K01505	5.1e-14	49.6
GCF_026793855.1	WP_094232068.1	K01915	2.4e-108	361.5
GCF_026793855.1	WP_268370730.1	K02406	9e-128	425.5
GCF_026793855.1	WP_003327311.1	K02556	3.7e-93	310.6
GCF_026793855.1	WP_003327312.1	K02557	1.1e-72	243.4
GCF_026793855.1	WP_003328922.1	K03407	1.3e-221	736.0
GCF_026793855.1	WP_003328933.1	K03413	2.5e-47	159.9
GCF_026793855.1	WP_003328291.1	K03833	2.7e-79	265.5
GCF_026793855.1	WP_061669601.1	K04103	3.8e-70	234.8
GCF_026793855.1	WP_003325460.1	K06390	7e-133	441.1
GCF_026793855.1	WP_003325115.1	K07636	9.4e-123	408.7
GCF_026793855.1	WP_004429698.1	K07657	1.1e-83	279.1
GCF_026793855.1	WP_061670097.1	K16531	2.2e-18	64.0
GCF_027497645.1	WP_264819142.1	K00366	8e-84	280.1
GCF_027497645.1	WP_269775591.1	K00372	8e-183	607.8
GCF_027497645.1	WP_269775463.1	K01077	6.5e-111	369.9
GCF_027497645.1	WP_269775373.1	K01113	1.5e-167	557.2
GCF_027497645.1	WP_016939094.1	K01505	2.7e-14	50.5
GCF_027497645.1	WP_016936014.1	K01915	3.3e-109	364.3
GCF_027497645.1	WP_198698154.1	K02406	4.3e-140	466.1
GCF_027497645.1	WP_269774634.1	K02556	1e-97	325.6
GCF_027497645.1	WP_269775196.1	K02557	3.4e-72	241.8
GCF_027497645.1	WP_269775276.1	K03407	2.2e-48	163.0
GCF_027497645.1	WP_003154238.1	K03413	1.2e-47	160.8
GCF_027497645.1	WP_003156451.1	K03833	3e-79	265.3
GCF_027497645.1	WP_269774500.1	K03834	3.9e-12	43.6
GCF_027497645.1	WP_269774538.1	K04103	1.2e-71	239.6
GCF_027497645.1	WP_198697869.1	K06390	3e-130	432.4
GCF_027497645.1	WP_269774665.1	K07636	3.3e-126	420.0
GCF_027497645.1	WP_003153397.1	K07657	1.4e-83	278.7
GCF_027497645.1	WP_095532179.1	K16531	1.2e-17	61.5
GCF_027706145.1	WP_270799638.1	K00366	4.7e-86	287.4
GCF_027706145.1	WP_270803016.1	K00372	9.1e-269	892.1
GCF_027706145.1	WP_270802240.1	K01077	9.4e-116	385.8
GCF_027706145.1	WP_270803200.1	K01113	1.3e-162	540.8
GCF_027706145.1	WP_270803346.1	K01505	4.6e-19	66.1
GCF_027706145.1	WP_172295371.1	K01915	9.2e-110	366.0
GCF_027706145.1	WP_270800771.1	K02406	1.6e-130	434.4
GCF_027706145.1	WP_270802724.1	K02556	1.5e-91	305.2
GCF_027706145.1	WP_270799530.1	K02557	2.4e-71	239.0
GCF_027706145.1	WP_270799164.1	K03407	2.3e-223	741.6
GCF_027706145.1	WP_270799181.1	K03413	1.4e-46	157.3
GCF_027706145.1	WP_172292325.1	K03833	2e-80	269.1
GCF_027706145.1	WP_270802493.1	K04103	2e-66	222.4
GCF_027706145.1	WP_270798242.1	K06390	1.8e-130	433.0
GCF_027706145.1	WP_270802629.1	K07636	2.2e-121	404.0
GCF_027706145.1	WP_270801610.1	K07657	1.8e-83	278.3
GCF_027706145.1	WP_270798912.1	K16531	3.5e-22	76.4
GCF_029691445.1	WP_043867419.1	K00366	1.1e-83	279.6
GCF_029691445.1	WP_046559502.1	K00372	3.8e-183	608.8
GCF_029691445.1	WP_003155322.1	K01077	1.2e-110	368.9
GCF_029691445.1	WP_014304274.1	K01113	1.5e-167	557.1
GCF_029691445.1	WP_014305305.1	K01505	1e-15	55.1
GCF_029691445.1	WP_003154048.1	K01915	1.3e-108	362.3
GCF_029691445.1	WP_015387631.1	K02406	8.1e-139	461.8
GCF_029691445.1	WP_003152386.1	K02556	5.6e-97	323.1
GCF_029691445.1	WP_003154685.1	K02557	1.8e-72	242.6
GCF_029691445.1	WP_015388231.1	K03407	1.2e-225	749.2
GCF_029691445.1	WP_003154238.1	K03413	1.2e-47	160.8
GCF_029691445.1	WP_003156451.1	K03833	2.9e-79	265.3
GCF_029691445.1	WP_024084930.1	K03834	2e-20	70.9
GCF_029691445.1	WP_024084930.1	K03837	2e-170	564.9
GCF_029691445.1	WP_014304370.1	K04103	1.5e-72	242.6
GCF_029691445.1	WP_003153125.1	K06390	1e-130	433.9
GCF_029691445.1	WP_014305565.1	K07636	1.2e-125	418.2
GCF_029691445.1	WP_003153397.1	K07657	1.4e-83	278.7
GCF_029691445.1	WP_088005508.1	K16531	3.4e-17	60.0
GCF_029916985.1	WP_029725918.1	K00366	8.1e-84	280.1
GCF_029916985.1	WP_029727068.1	K00372	1.3e-279	928.1
GCF_029916985.1	WP_029725845.1	K01077	1.3e-113	378.9
GCF_029916985.1	WP_014475691.1	K01113	1.6e-165	550.5
GCF_029916985.1	WP_029317985.1	K01505	9.5e-15	52.1
GCF_029916985.1	WP_003231737.1	K01915	1.9e-107	358.6
GCF_029916985.1	WP_029725988.1	K02406	3.6e-133	443.3
GCF_029916985.1	WP_014477672.1	K02556	1.8e-94	315.0
GCF_029916985.1	WP_003232473.1	K02557	4.4e-72	241.5
GCF_029916985.1	WP_014476817.1	K03407	2.5e-225	748.2
GCF_029916985.1	WP_014476812.1	K03413	5.6e-48	162.1
GCF_029916985.1	WP_003235058.1	K03833	2.1e-79	265.9
GCF_029916985.1	WP_003246569.1	K04103	3.8e-71	238.1
GCF_029916985.1	WP_015251728.1	K06390	6.3e-132	438.0
GCF_029916985.1	WP_113712819.1	K07636	1.4e-125	418.1
GCF_029916985.1	WP_003246107.1	K07657	3.1e-84	280.9
GCF_029916985.1	WP_021481536.1	K16531	1.1e-20	71.6
GCF_030273385.1	WP_041850542.1	K00366	2.7e-84	281.7
GCF_030273385.1	WP_015715220.1	K00372	3.3e-280	930.1
GCF_030273385.1	WP_015382905.1	K01077	2.9e-113	377.8
GCF_030273385.1	WP_032722881.1	K01113	1.5e-165	550.7
GCF_030273385.1	WP_041849969.1	K01505	9.2e-15	52.1
GCF_030273385.1	WP_003231737.1	K01915	1.9e-107	358.6
GCF_030273385.1	WP_003228021.1	K02406	7.6e-130	432.4
GCF_030273385.1	WP_015714528.1	K02556	1.5e-94	315.2
GCF_030273385.1	WP_003232473.1	K02557	4.4e-72	241.5
GCF_030273385.1	WP_014476817.1	K03407	2.6e-225	748.2
GCF_030273385.1	WP_014476812.1	K03413	5.6e-48	162.1
GCF_030273385.1	WP_003235058.1	K03833	2.1e-79	265.9
GCF_030273385.1	WP_003246569.1	K04103	3.9e-71	238.1
GCF_030273385.1	WP_015714242.1	K06390	6.7e-132	437.9
GCF_030273385.1	WP_015714502.1	K07636	3.2e-125	416.9
GCF_030273385.1	WP_003246107.1	K07657	3.1e-84	280.9
GCF_030273385.1	WP_003230620.1	K16531	1.2e-20	71.6
GCF_030292035.1	WP_197172899.1	K00366	1.4e-86	289.1
GCF_030292035.1	WP_185854474.1	K00372	1.6e-275	914.4
GCF_030292035.1	WP_286099009.1	K01077	5.2e-106	353.6
GCF_030292035.1	WP_041117824.1	K01505	4.9e-15	52.8
GCF_030292035.1	WP_024427046.1	K01915	1.8e-108	361.8
GCF_030292035.1	WP_251180678.1	K02406	6.6e-132	439.0
GCF_030292035.1	WP_024424680.1	K02556	1e-92	309.1
GCF_030292035.1	WP_024424679.1	K02557	1.1e-69	233.4
GCF_030292035.1	WP_024424158.1	K03407	4e-225	747.4
GCF_030292035.1	WP_007499584.1	K03413	1.7e-47	160.3
GCF_030292035.1	WP_024425595.1	K03833	2.5e-79	265.5
GCF_030292035.1	WP_025092480.1	K04103	1.5e-71	239.3
GCF_030292035.1	WP_024428002.1	K06390	2.8e-131	435.7
GCF_030292035.1	WP_212051498.1	K07636	1.3e-123	411.4
GCF_030292035.1	WP_024426141.1	K07657	3.8e-84	280.5
GCF_030292035.1	WP_056767976.1	K16531	3.4e-30	102.9
GCF_030517005.1	WP_032876519.1	K00366	1.8e-83	278.9
GCF_030517005.1	WP_032872794.1	K00372	1e-276	918.4
GCF_030517005.1	WP_032874278.1	K01077	1.3e-111	372.1
GCF_030517005.1	WP_032872722.1	K01113	1.6e-167	557.0
GCF_030517005.1	WP_032873256.1	K01505	8e-16	55.5
GCF_030517005.1	WP_007410365.1	K01915	1.3e-108	362.2
GCF_030517005.1	WP_032876173.1	K02406	1.8e-138	460.6
GCF_030517005.1	WP_007408775.1	K02556	1.3e-96	321.9
GCF_030517005.1	WP_003154685.1	K02557	1.8e-72	242.6
GCF_030517005.1	WP_032874918.1	K03407	9.6e-226	749.5
GCF_030517005.1	WP_003154238.1	K03413	1.2e-47	160.8
GCF_030517005.1	WP_007410400.1	K03833	2e-79	265.8
GCF_030517005.1	WP_014304370.1	K04103	1.5e-72	242.6
GCF_030517005.1	WP_032874043.1	K06390	1.7e-130	433.2
GCF_030517005.1	WP_032873702.1	K07636	6.5e-126	419.0
GCF_030517005.1	WP_003153397.1	K07657	1.4e-83	278.7
GCF_030517005.1	WP_087920803.1	K16531	7.6e-18	62.1
GCF_030517045.1	WP_032876519.1	K00366	1.8e-83	278.9
GCF_030517045.1	WP_032872794.1	K00372	1e-276	918.4
GCF_030517045.1	WP_032874278.1	K01077	1.3e-111	372.1
GCF_030517045.1	WP_032872722.1	K01113	1.6e-167	557.0
GCF_030517045.1	WP_032873256.1	K01505	8e-16	55.5
GCF_030517045.1	WP_007410365.1	K01915	1.3e-108	362.2
GCF_030517045.1	WP_032876173.1	K02406	1.8e-138	460.6
GCF_030517045.1	WP_007408775.1	K02556	1.3e-96	321.9
GCF_030517045.1	WP_003154685.1	K02557	1.8e-72	242.6
GCF_030517045.1	WP_032874918.1	K03407	9.6e-226	749.5
GCF_030517045.1	WP_003154238.1	K03413	1.2e-47	160.8
GCF_030517045.1	WP_007410400.1	K03833	2e-79	265.8
GCF_030517045.1	WP_014304370.1	K04103	1.5e-72	242.6
GCF_030517045.1	WP_032874043.1	K06390	1.7e-130	433.2
GCF_030517045.1	WP_032873702.1	K07636	6.5e-126	419.0
GCF_030517045.1	WP_003153397.1	K07657	1.4e-83	278.7
GCF_030517045.1	WP_087920803.1	K16531	7.6e-18	62.1
GCF_030643845.1	WP_021480597.1	K00366	2.8e-84	281.7
GCF_030643845.1	WP_019712387.1	K00372	1.2e-279	928.3
GCF_030643845.1	WP_080287651.1	K01077	3.3e-113	377.6
GCF_030643845.1	WP_032722881.1	K01113	1.5e-165	550.7
GCF_030643845.1	WP_032722038.1	K01505	2.7e-14	50.6
GCF_030643845.1	WP_003231737.1	K01915	1.9e-107	358.6
GCF_030643845.1	WP_003228021.1	K02406	7.8e-130	432.4
GCF_030643845.1	WP_014477672.1	K02556	1.9e-94	315.0
GCF_030643845.1	WP_003232473.1	K02557	4.5e-72	241.5
GCF_030643845.1	WP_014476817.1	K03407	2.6e-225	748.2
GCF_030643845.1	WP_003245707.1	K03413	1.7e-39	134.3
GCF_030643845.1	WP_003235058.1	K03833	2.2e-79	265.9
GCF_030643845.1	WP_032722919.1	K04103	1.1e-70	236.6
GCF_030643845.1	WP_032722103.1	K06390	4e-132	438.7
GCF_030643845.1	WP_032722335.1	K07636	1.8e-125	417.7
GCF_030643845.1	WP_003246107.1	K07657	3.2e-84	280.9
GCF_030643845.1	WP_003230620.1	K16531	1.2e-20	71.6
GCF_030717805.1	WP_169056629.1	K00366	3e-87	291.4
GCF_030717805.1	WP_169055866.1	K00372	2.6e-86	288.3
GCF_030717805.1	WP_306011919.1	K01077	4.8e-106	353.7
GCF_030717805.1	WP_306010807.1	K01505	1.8e-15	54.3
GCF_030717805.1	WP_058013910.1	K01915	8.4e-109	362.9
GCF_030717805.1	WP_306012016.1	K02406	1.4e-131	437.9
GCF_030717805.1	WP_003212085.1	K02556	4.3e-93	310.3
GCF_030717805.1	WP_058014151.1	K02557	9.7e-69	230.4
GCF_030717805.1	WP_306012137.1	K03407	1.1e-224	746.0
GCF_030717805.1	WP_007499584.1	K03413	1.7e-47	160.3
GCF_030717805.1	WP_169057676.1	K03833	3.6e-79	265.0
GCF_030717805.1	WP_306010971.1	K04103	1.7e-71	239.1
GCF_030717805.1	WP_306010862.1	K06390	2.1e-133	442.7
GCF_030717805.1	WP_306011035.1	K07636	4.9e-124	412.8
GCF_030717805.1	WP_306011036.1	K07657	4e-84	280.4
GCF_030717805.1	WP_306010951.1	K16531	2.4e-19	67.1
GCF_033568485.1	WP_024122835.1	K00366	1e-84	283.1
GCF_033568485.1	WP_254518029.1	K00372	5.6e-279	926.0
GCF_033568485.1	WP_095714196.1	K01077	2e-116	388.2
GCF_033568485.1	WP_254518012.1	K01113	1e-163	544.6
GCF_033568485.1	WP_101864444.1	K01505	3e-15	53.7
GCF_033568485.1	WP_024121509.1	K01915	5.7e-107	357.0
GCF_033568485.1	WP_010332058.1	K02406	1.4e-128	428.2
GCF_033568485.1	WP_024122512.1	K02556	1.7e-95	318.4
GCF_033568485.1	WP_024121173.1	K02557	1.2e-71	240.0
GCF_033568485.1	WP_106020713.1	K03407	3.8e-226	750.9
GCF_033568485.1	WP_010334256.1	K03413	1.5e-47	160.6
GCF_033568485.1	WP_010332768.1	K03833	6.8e-79	264.2
GCF_033568485.1	WP_254518050.1	K04103	6.4e-71	237.4
GCF_033568485.1	WP_044154635.1	K06390	3.9e-134	445.2
GCF_033568485.1	WP_106020250.1	K07636	2.4e-125	417.2
GCF_033568485.1	WP_010334777.1	K07657	4.4e-83	277.1
GCF_033568485.1	WP_059336621.1	K16531	2.2e-18	64.1
GCF_034427495.1	WP_060399482.1	K00366	2.9e-84	281.6
GCF_034427495.1	WP_060397888.1	K00372	5e-279	926.2
GCF_034427495.1	WP_080428964.1	K01077	5.1e-115	383.5
GCF_034427495.1	WP_060397859.1	K01113	1.5e-164	547.3
GCF_034427495.1	WP_060398902.1	K01505	2.6e-14	50.6
GCF_034427495.1	WP_003238339.1	K01915	4.6e-107	357.3
GCF_034427495.1	WP_060399591.1	K02406	4e-133	443.2
GCF_034427495.1	WP_060400050.1	K02556	1.7e-95	318.4
GCF_034427495.1	WP_060398498.1	K02557	4.7e-71	238.1
GCF_034427495.1	WP_060398633.1	K03407	9.5e-226	749.6
GCF_034427495.1	WP_003220882.1	K03413	1.1e-47	161.1
GCF_034427495.1	WP_003242008.1	K03833	2.8e-79	265.5
GCF_034427495.1	WP_060397952.1	K04103	6.9e-71	237.2
GCF_034427495.1	WP_060399006.1	K06390	4.7e-133	441.7
GCF_034427495.1	WP_060399261.1	K07636	8e-125	415.5
GCF_034427495.1	WP_060398923.1	K07657	1.5e-83	278.7
GCF_034427495.1	WP_060398897.1	K16531	5.8e-20	69.2
GCF_035809815.1	WP_003180762.1	K00366	5.9e-86	287.2
GCF_035809815.1	WP_268388804.1	K00372	9.4e-278	922.0
GCF_035809815.1	WP_011198101.1	K01077	5.5e-102	340.5
GCF_035809815.1	WP_003178586.1	K01113	2e-168	560.2
GCF_035809815.1	WP_003182974.1	K01505	5.9e-16	56.1
GCF_035809815.1	WP_003182145.1	K01915	1.4e-108	362.3
GCF_035809815.1	WP_009329669.1	K02406	4.9e-134	446.2
GCF_035809815.1	WP_009329389.1	K02556	2.2e-94	314.7
GCF_035809815.1	WP_003181091.1	K02557	2.7e-73	245.5
GCF_035809815.1	WP_009328508.1	K03407	1e-224	746.2
GCF_035809815.1	WP_003181796.1	K03413	2.4e-46	156.7
GCF_035809815.1	WP_003178321.1	K03833	1.7e-79	266.2
GCF_035809815.1	WP_003182515.1	K03834	5.2e-12	43.3
GCF_035809815.1	WP_003184100.1	K04103	3.2e-68	228.5
GCF_035809815.1	WP_003183411.1	K06390	1.4e-130	433.6
GCF_035809815.1	WP_003184312.1	K07636	4.1e-124	413.2
GCF_035809815.1	WP_003183084.1	K07657	7.8e-83	276.3
GCF_035809815.1	WP_003182961.1	K16531	3.8e-21	73.2
GCF_035822295.1	WP_326246325.1	K00366	3.9e-85	284.4
GCF_035822295.1	WP_326350499.1	K00372	1.1e-278	925.0
GCF_035822295.1	WP_082033066.1	K01077	6.9e-114	379.8
GCF_035822295.1	WP_326350481.1	K01113	6.2e-166	551.9
GCF_035822295.1	WP_069149786.1	K01505	2.1e-14	50.9
GCF_035822295.1	WP_014664076.1	K01915	2.9e-107	357.9
GCF_035822295.1	WP_069150414.1	K02406	2e-128	427.6
GCF_035822295.1	WP_040082125.1	K02556	3.7e-94	313.9
GCF_035822295.1	WP_014663750.1	K02557	7.8e-72	240.7
GCF_035822295.1	WP_326245417.1	K03407	7.2e-226	750.0
GCF_035822295.1	WP_014476812.1	K03413	5.3e-48	162.1
GCF_035822295.1	WP_003242008.1	K03833	2.7e-79	265.5
GCF_035822295.1	WP_243572561.1	K04103	2.5e-71	238.7
GCF_035822295.1	WP_069149854.1	K06390	2e-132	439.5
GCF_035822295.1	WP_306645255.1	K07636	3.5e-125	416.7
GCF_035822295.1	WP_040082743.1	K07657	9.2e-84	279.3
GCF_035822295.1	WP_014664398.1	K16531	6.8e-22	75.6
GCF_035822435.1	WP_038429618.1	K00366	4e-84	281.2
GCF_035822435.1	WP_088467517.1	K00372	8.8e-281	932.0
GCF_035822435.1	WP_198878818.1	K01077	5.5e-113	376.9
GCF_035822435.1	WP_046664298.1	K01113	1.5e-165	550.7
GCF_035822435.1	WP_015383968.1	K01505	9.9e-15	52.0
GCF_035822435.1	WP_003231737.1	K01915	1.9e-107	358.6
GCF_035822435.1	WP_070547858.1	K02406	3.4e-130	433.5
GCF_035822435.1	WP_014477672.1	K02556	1.9e-94	315.0
GCF_035822435.1	WP_003232473.1	K02557	4.4e-72	241.5
GCF_035822435.1	WP_015483230.1	K03407	2.9e-225	748.0
GCF_035822435.1	WP_014476812.1	K03413	5.6e-48	162.1
GCF_035822435.1	WP_003235058.1	K03833	2.1e-79	265.9
GCF_035822435.1	WP_198878990.1	K04103	3.2e-71	238.4
GCF_035822435.1	WP_043857806.1	K06390	6.1e-132	438.0
GCF_035822435.1	WP_014480538.1	K07636	2.7e-125	417.1
GCF_035822435.1	WP_003246107.1	K07657	3.1e-84	280.9
GCF_035822435.1	WP_021481536.1	K16531	1.1e-20	71.6
GCF_035985545.1	WP_020450993.1	K00366	3.1e-85	284.9
GCF_035985545.1	WP_020450190.1	K00372	1.2e-277	921.7
GCF_035985545.1	WP_020452100.1	K01077	6.2e-101	337.1
GCF_035985545.1	WP_020449993.1	K01113	7.7e-168	558.3
GCF_035985545.1	WP_020451950.1	K01505	4.2e-16	56.6
GCF_035985545.1	WP_020451550.1	K01915	2.2e-108	361.7
GCF_035985545.1	WP_020453106.1	K02406	6.1e-128	426.1
GCF_035985545.1	WP_020452604.1	K02556	4.7e-95	317.0
GCF_035985545.1	WP_020451148.1	K02557	8.6e-73	243.9
GCF_035985545.1	WP_020451411.1	K03407	1.2e-223	742.8
GCF_035985545.1	WP_003181796.1	K03413	2.5e-46	156.7
GCF_035985545.1	WP_020449857.1	K03833	6.1e-79	264.5
GCF_035985545.1	WP_020450230.1	K04103	4.6e-68	228.0
GCF_035985545.1	WP_020452146.1	K06390	3.1e-131	435.8
GCF_035985545.1	WP_020452551.1	K07636	1.1e-123	411.9
GCF_035985545.1	WP_020451999.1	K07657	4.4e-83	277.2
GCF_035985545.1	WP_020451945.1	K16531	4.9e-21	72.9
GCF_036209985.1	WP_327852582.1	K00366	6.4e-84	280.4
GCF_036209985.1	WP_327852933.1	K00372	1.5e-274	911.3
GCF_036209985.1	WP_327852417.1	K01077	1.3e-113	378.8
GCF_036209985.1	WP_327852956.1	K01113	7.8e-164	544.9
GCF_036209985.1	WP_327852205.1	K01505	4.9e-14	49.6
GCF_036209985.1	WP_094232068.1	K01915	2.3e-108	361.5
GCF_036209985.1	WP_268532662.1	K02406	3.8e-127	423.4
GCF_036209985.1	WP_063637606.1	K02556	2.4e-93	311.2
GCF_036209985.1	WP_327851688.1	K02557	1.4e-72	243.0
GCF_036209985.1	WP_327851607.1	K03407	4.8e-222	737.3
GCF_036209985.1	WP_003328933.1	K03413	2.4e-47	159.9
GCF_036209985.1	WP_003328291.1	K03833	2.6e-79	265.5
GCF_036209985.1	WP_088116536.1	K04103	4e-70	234.6
GCF_036209985.1	WP_003325460.1	K06390	6.7e-133	441.1
GCF_036209985.1	WP_327851979.1	K07636	2.7e-122	407.1
GCF_036209985.1	WP_004429698.1	K07657	1e-83	279.1
GCF_036209985.1	WP_094233205.1	K16531	1.1e-18	64.9
GCF_036210315.1	WP_003180762.1	K00366	6.2e-86	287.2
GCF_036210315.1	WP_095240207.1	K00372	4.6e-278	923.1
GCF_036210315.1	WP_003183293.1	K01077	8.7e-102	339.9
GCF_036210315.1	WP_003178586.1	K01113	2.1e-168	560.2
GCF_036210315.1	WP_003182974.1	K01505	6.2e-16	56.1
GCF_036210315.1	WP_003182145.1	K01915	1.5e-108	362.3
GCF_036210315.1	WP_003185695.1	K02406	3.1e-132	440.3
GCF_036210315.1	WP_009329389.1	K02556	2.3e-94	314.7
GCF_036210315.1	WP_003181091.1	K02557	2.8e-73	245.5
GCF_036210315.1	WP_003181814.1	K03407	1.4e-224	745.9
GCF_036210315.1	WP_003181796.1	K03413	2.5e-46	156.7
GCF_036210315.1	WP_003178321.1	K03833	1.8e-79	266.2
GCF_036210315.1	WP_003182515.1	K03834	5.4e-12	43.3
GCF_036210315.1	WP_003184100.1	K04103	3.4e-68	228.5
GCF_036210315.1	WP_003183411.1	K06390	1.4e-130	433.6
GCF_036210315.1	WP_003184312.1	K07636	4.3e-124	413.2
GCF_036210315.1	WP_003183084.1	K07657	8.1e-83	276.3
GCF_036210315.1	WP_061565947.1	K16531	1.8e-20	71.0
GCF_036210355.1	WP_020450993.1	K00366	3.2e-85	284.9
GCF_036210355.1	WP_025810124.1	K00372	3.7e-278	923.4
GCF_036210355.1	WP_020452100.1	K01077	6.3e-101	337.1
GCF_036210355.1	WP_143261176.1	K01113	5.1e-168	558.9
GCF_036210355.1	WP_023857444.1	K01505	1.9e-16	57.8
GCF_036210355.1	WP_020451550.1	K01915	2.3e-108	361.7
GCF_036210355.1	WP_025810704.1	K02406	9e-134	445.4
GCF_036210355.1	WP_020452604.1	K02556	4.8e-95	317.0
GCF_036210355.1	WP_020451148.1	K02557	8.8e-73	243.9
GCF_036210355.1	WP_145608119.1	K03407	4.5e-223	740.9
GCF_036210355.1	WP_003181796.1	K03413	2.5e-46	156.7
GCF_036210355.1	WP_020449857.1	K03833	6.1e-79	264.5
GCF_036210355.1	WP_023857889.1	K04103	7.5e-68	227.3
GCF_036210355.1	WP_023855174.1	K06390	7.9e-131	434.5
GCF_036210355.1	WP_020452551.1	K07636	1.1e-123	411.9
GCF_036210355.1	WP_020451999.1	K07657	4.4e-83	277.2
GCF_036210355.1	WP_143260977.1	K16531	2.7e-21	73.7
GCF_036210515.1	WP_265627298.1	K00366	1.8e-84	282.4
GCF_036210515.1	WP_265624830.1	K00372	1.4e-278	924.9
GCF_036210515.1	WP_265626201.1	K01077	2.3e-114	381.4
GCF_036210515.1	WP_265624959.1	K01113	3.4e-167	556.2
GCF_036210515.1	WP_265626578.1	K01505	8e-16	55.7
GCF_036210515.1	WP_025811550.1	K01915	1.6e-108	362.2
GCF_036210515.1	WP_265625518.1	K02406	9.7e-130	432.1
GCF_036210515.1	WP_265625930.1	K02556	6.3e-95	316.6
GCF_036210515.1	WP_243940001.1	K02557	4.5e-73	244.9
GCF_036210515.1	WP_265627058.1	K03407	3.3e-224	744.6
GCF_036210515.1	WP_003181796.1	K03413	2.5e-46	156.7
GCF_036210515.1	WP_265625136.1	K03833	3.5e-79	265.3
GCF_036210515.1	WP_265626043.1	K04103	1.7e-67	226.2
GCF_036210515.1	WP_265626357.1	K06390	8.3e-130	431.1
GCF_036210515.1	WP_265625964.1	K07636	3.3e-124	413.6
GCF_036210515.1	WP_003183084.1	K07657	8.1e-83	276.3
GCF_036210515.1	WP_265626583.1	K16531	2.3e-21	74.0
GCF_036210525.1	WP_265627298.1	K00366	1.8e-84	282.4
GCF_036210525.1	WP_265624830.1	K00372	1.4e-278	924.9
GCF_036210525.1	WP_265626201.1	K01077	2.3e-114	381.4
GCF_036210525.1	WP_265624959.1	K01113	3.5e-167	556.2
GCF_036210525.1	WP_265626578.1	K01505	8e-16	55.7
GCF_036210525.1	WP_025811550.1	K01915	1.6e-108	362.2
GCF_036210525.1	WP_265625518.1	K02406	9.8e-130	432.1
GCF_036210525.1	WP_265625930.1	K02556	6.3e-95	316.6
GCF_036210525.1	WP_243940001.1	K02557	4.5e-73	244.9
GCF_036210525.1	WP_265627058.1	K03407	3.3e-224	744.6
GCF_036210525.1	WP_003181796.1	K03413	2.5e-46	156.7
GCF_036210525.1	WP_265625136.1	K03833	3.5e-79	265.3
GCF_036210525.1	WP_265626043.1	K04103	1.7e-67	226.2
GCF_036210525.1	WP_265626357.1	K06390	8.3e-130	431.1
GCF_036210525.1	WP_265625964.1	K07636	3.3e-124	413.6
GCF_036210525.1	WP_003183084.1	K07657	8.2e-83	276.3
GCF_036210525.1	WP_265626583.1	K16531	2.3e-21	74.0
GCF_037104725.1	WP_336471569.1	K00366	3.2e-208	691.7
GCF_037104725.1	WP_336473677.1	K00372	7.5e-172	571.8
GCF_037104725.1	WP_336471186.1	K01077	2.1e-118	395.0
GCF_037104725.1	WP_336472124.1	K01505	1.5e-13	48.3
GCF_037104725.1	WP_090912947.1	K01915	1.4e-108	362.5
GCF_037104725.1	WP_336471493.1	K03413	3.8e-41	139.9
GCF_037104725.1	WP_090918574.1	K03833	2.6e-76	255.9
GCF_037104725.1	WP_336474714.1	K03834	2.9e-21	74.0
GCF_037104725.1	WP_336474714.1	K03837	2.9e-169	561.4
GCF_037104725.1	WP_336474086.1	K04103	2.8e-65	219.0
GCF_037104725.1	WP_090913888.1	K06390	3.2e-131	435.9
GCF_037104725.1	WP_336471022.1	K07636	1.9e-126	421.1
GCF_037104725.1	WP_090916277.1	K07657	1.1e-83	279.3
GCF_037104725.1	WP_336472709.1	K16531	5.5e-29	99.3
GCF_037201805.1	WP_338754499.1	K00366	8.5e-209	693.1
GCF_037201805.1	WP_338754404.1	K00372	2.4e-177	589.5
GCF_037201805.1	WP_338754374.1	K01113	8.7e-15	51.9
GCF_037201805.1	WP_338752122.1	K01505	4.5e-15	52.9
GCF_037201805.1	WP_338754156.1	K01915	3.6e-106	354.1
GCF_037201805.1	WP_338752741.1	K02406	1.1e-133	444.8
GCF_037201805.1	WP_338750721.1	K02556	2.9e-95	317.4
GCF_037201805.1	WP_338750719.1	K02557	2e-75	252.3
GCF_037201805.1	WP_338754034.1	K03407	1.9e-230	764.9
GCF_037201805.1	WP_338751514.1	K03413	3.2e-52	175.8
GCF_037201805.1	WP_338752609.1	K03833	1e-77	260.2
GCF_037201805.1	WP_413789060.1	K04103	5.4e-69	230.8
GCF_037201805.1	WP_338754787.1	K06390	4.7e-127	421.8
GCF_037201805.1	WP_338750608.1	K07636	7e-121	402.4
GCF_037201805.1	WP_338750610.1	K07657	2.8e-85	284.2
GCF_037201805.1	WP_338752200.1	K16531	1.8e-24	83.9
GCF_037889395.1	WP_003151735.1	K00366	1.7e-83	279.0
GCF_037889395.1	WP_239819471.1	K00372	2.5e-183	609.4
GCF_037889395.1	WP_003155322.1	K01077	1.3e-110	368.9
GCF_037889395.1	WP_014304274.1	K01113	1.6e-167	557.1
GCF_037889395.1	WP_014305305.1	K01505	1e-15	55.1
GCF_037889395.1	WP_003154048.1	K01915	1.3e-108	362.3
GCF_037889395.1	WP_007407474.1	K02406	6.8e-138	458.8
GCF_037889395.1	WP_015387843.1	K02556	6.6e-97	322.9
GCF_037889395.1	WP_003154685.1	K02557	1.9e-72	242.6
GCF_037889395.1	WP_015388231.1	K03407	1.2e-225	749.2
GCF_037889395.1	WP_003154238.1	K03413	1.2e-47	160.8
GCF_037889395.1	WP_003156451.1	K03833	3e-79	265.3
GCF_037889395.1	WP_239819549.1	K03834	4.9e-20	69.6
GCF_037889395.1	WP_239819549.1	K03837	2.2e-170	564.8
GCF_037889395.1	WP_171463436.1	K04103	1.5e-72	242.6
GCF_037889395.1	WP_171463563.1	K06390	1e-130	433.9
GCF_037889395.1	WP_219194677.1	K07636	4.8e-126	419.5
GCF_037889395.1	WP_003153397.1	K07657	1.4e-83	278.7
GCF_037889395.1	WP_088005508.1	K16531	3.5e-17	60.0
GCF_040256795.1	WP_350252779.1	K00366	2e-84	282.1
GCF_040256795.1	WP_105991536.1	K00372	2e-279	927.5
GCF_040256795.1	WP_095714196.1	K01077	2e-116	388.2
GCF_040256795.1	WP_248337588.1	K01113	1.5e-164	547.3
GCF_040256795.1	WP_105991731.1	K01505	2.9e-15	53.8
GCF_040256795.1	WP_105954294.1	K01915	2.8e-107	358.0
GCF_040256795.1	WP_024123018.1	K02406	2.7e-128	427.2
GCF_040256795.1	WP_105953384.1	K02556	8.8e-96	319.3
GCF_040256795.1	WP_105955530.1	K02557	1.7e-71	239.6
GCF_040256795.1	WP_105991188.1	K03407	3.6e-226	751.0
GCF_040256795.1	WP_010334256.1	K03413	1.5e-47	160.6
GCF_040256795.1	WP_010332768.1	K03833	6.8e-79	264.2
GCF_040256795.1	WP_350254888.1	K04103	3.6e-70	234.9
GCF_040256795.1	WP_350253317.1	K06390	4.4e-134	445.1
GCF_040256795.1	WP_350253088.1	K07636	1.2e-125	418.3
GCF_040256795.1	WP_010334777.1	K07657	4.4e-83	277.1
GCF_040256795.1	WP_059336621.1	K16531	2.2e-18	64.1
GCF_041225435.1	WP_369903604.1	K00366	1.5e-206	685.9
GCF_041225435.1	WP_369901093.1	K00372	2.8e-173	576.3
GCF_041225435.1	WP_369902546.1	K01077	5.9e-118	393.3
GCF_041225435.1	WP_369900624.1	K01505	9.4e-15	52.1
GCF_041225435.1	WP_369903082.1	K01915	7.3e-107	356.6
GCF_041225435.1	WP_369900227.1	K02406	6.4e-103	343.5
GCF_041225435.1	WP_369902390.1	K02556	3.7e-85	284.3
GCF_041225435.1	WP_369902391.1	K02557	3.5e-73	245.1
GCF_041225435.1	WP_369900275.1	K03407	2.3e-208	692.1
GCF_041225435.1	WP_369900277.1	K03413	1.7e-42	144.1
GCF_041225435.1	WP_369901494.1	K03833	7.7e-77	257.4
GCF_041225435.1	WP_369901672.1	K04103	5.2e-48	161.7
GCF_041225435.1	WP_369902663.1	K06390	4.7e-131	435.1
GCF_041225435.1	WP_369902318.1	K07636	1.5e-128	427.8
GCF_041225435.1	WP_369901597.1	K07657	1.4e-83	278.7
GCF_041225435.1	WP_369902505.1	K16531	4.6e-23	79.5
GCF_041431275.1	WP_212046643.1	K00366	5.2e-86	287.2
GCF_041431275.1	WP_212045626.1	K00372	1.4e-85	285.9
GCF_041431275.1	WP_253622777.1	K01077	1.9e-105	351.7
GCF_041431275.1	WP_335365607.1	K01505	2.1e-15	54.1
GCF_041431275.1	WP_003211015.1	K01915	8.2e-109	362.9
GCF_041431275.1	WP_212046753.1	K02406	8e-132	438.7
GCF_041431275.1	WP_003212085.1	K02556	4.3e-93	310.3
GCF_041431275.1	WP_003211671.1	K02557	1.3e-68	229.9
GCF_041431275.1	WP_212045863.1	K03407	2.5e-224	744.8
GCF_041431275.1	WP_003212360.1	K03413	3.8e-47	159.2
GCF_041431275.1	WP_003217109.1	K03833	1e-78	263.4
GCF_041431275.1	WP_050943634.1	K04103	1.4e-72	242.7
GCF_041431275.1	WP_137054986.1	K06390	7.2e-133	440.9
GCF_041431275.1	WP_284906657.1	K07636	9.8e-125	415.1
GCF_041431275.1	WP_003216596.1	K07657	3.5e-84	280.6
GCF_041431275.1	WP_212046163.1	K16531	1.8e-19	67.5
GCF_044905085.1	WP_003151735.1	K00366	1.8e-83	279.0
GCF_044905085.1	WP_201488872.1	K00372	2.6e-183	609.4
GCF_044905085.1	WP_201488845.1	K01077	1.3e-110	368.9
GCF_044905085.1	WP_014304274.1	K01113	1.6e-167	557.1
GCF_044905085.1	WP_014305305.1	K01505	1.1e-15	55.1
GCF_044905085.1	WP_003154048.1	K01915	1.4e-108	362.3
GCF_044905085.1	WP_057080256.1	K02406	1.1e-139	464.8
GCF_044905085.1	WP_156735661.1	K02556	2.5e-96	321.1
GCF_044905085.1	WP_003154685.1	K02557	2e-72	242.6
GCF_044905085.1	WP_015388231.1	K03407	1.3e-225	749.2
GCF_044905085.1	WP_003154238.1	K03413	1.3e-47	160.8
GCF_044905085.1	WP_003156451.1	K03833	3.1e-79	265.3
GCF_044905085.1	WP_014416943.1	K04103	4.8e-72	241.0
GCF_044905085.1	WP_201489005.1	K06390	1.5e-130	433.4
GCF_044905085.1	WP_003152458.1	K07636	5.5e-126	419.3
GCF_044905085.1	WP_003153397.1	K07657	1.5e-83	278.7
GCF_044905085.1	WP_088005508.1	K16531	3.6e-17	60.0
GCF_045344285.1	WP_043867419.1	K00366	1.1e-83	279.6
GCF_045344285.1	WP_406795379.1	K00372	1.3e-180	600.4
GCF_045344285.1	WP_003155322.1	K01077	1.2e-110	368.9
GCF_045344285.1	WP_173602926.1	K01113	1.7e-167	556.9
GCF_045344285.1	WP_014305305.1	K01505	9.9e-16	55.1
GCF_045344285.1	WP_003154048.1	K01915	1.2e-108	362.3
GCF_045344285.1	WP_014305925.1	K02406	6.2e-138	458.9
GCF_045344285.1	WP_003152386.1	K02556	5.4e-97	323.1
GCF_045344285.1	WP_003154685.1	K02557	1.8e-72	242.6
GCF_045344285.1	WP_015388231.1	K03407	1.2e-225	749.2
GCF_045344285.1	WP_003154238.1	K03413	1.2e-47	160.8
GCF_045344285.1	WP_003156451.1	K03833	2.8e-79	265.3
GCF_045344285.1	WP_024084930.1	K03834	2e-20	70.9
GCF_045344285.1	WP_024084930.1	K03837	1.9e-170	564.9
GCF_045344285.1	WP_014304370.1	K04103	1.5e-72	242.6
GCF_045344285.1	WP_003153125.1	K06390	9.7e-131	433.9
GCF_045344285.1	WP_014305565.1	K07636	1.2e-125	418.2
GCF_045344285.1	WP_014305328.1	K07657	2.4e-83	277.8
GCF_045344285.1	WP_406795428.1	K16531	6.6e-17	59.0
GCF_045760535.1	WP_353575258.1	K00366	1.3e-83	279.4
GCF_045760535.1	WP_353574880.1	K00372	7e-182	604.6
GCF_045760535.1	WP_353574838.1	K01077	2.5e-111	371.2
GCF_045760535.1	WP_353575511.1	K01113	1.3e-167	557.4
GCF_045760535.1	WP_070082033.1	K01505	1.3e-15	54.9
GCF_045760535.1	WP_003154048.1	K01915	1.3e-108	362.3
GCF_045760535.1	WP_015387631.1	K02406	8.3e-139	461.8
GCF_045760535.1	WP_156735661.1	K02556	2.4e-96	321.1
GCF_045760535.1	WP_069473375.1	K02557	5.6e-73	244.4
GCF_045760535.1	WP_017417784.1	K03407	1.1e-225	749.3
GCF_045760535.1	WP_003154238.1	K03413	1.2e-47	160.8
GCF_045760535.1	WP_003156451.1	K03833	3e-79	265.3
GCF_045760535.1	WP_039252713.1	K04103	4.9e-72	240.9
GCF_045760535.1	WP_015388013.1	K06390	1.6e-130	433.3
GCF_045760535.1	WP_003152458.1	K07636	5.3e-126	419.3
GCF_045760535.1	WP_003153397.1	K07657	1.4e-83	278.7
GCF_045760535.1	WP_088005508.1	K16531	3.5e-17	60.0
GCF_049354995.1	WP_069473576.1	K00366	1e-83	279.7
GCF_049354995.1	WP_088037082.1	K00372	3.7e-183	608.8
GCF_049354995.1	WP_003155322.1	K01077	1.2e-110	368.9
GCF_049354995.1	WP_043866804.1	K01113	6e-168	558.4
GCF_049354995.1	WP_025852687.1	K01505	9.6e-16	55.2
GCF_049354995.1	WP_003154048.1	K01915	1.2e-108	362.3
GCF_049354995.1	WP_015387631.1	K02406	7.9e-139	461.8
GCF_049354995.1	WP_003152386.1	K02556	5.5e-97	323.1
GCF_049354995.1	WP_003154685.1	K02557	1.8e-72	242.6
GCF_049354995.1	WP_015388231.1	K03407	1.2e-225	749.2
GCF_049354995.1	WP_003154238.1	K03413	1.2e-47	160.8
GCF_049354995.1	WP_003156451.1	K03833	2.9e-79	265.3
GCF_049354995.1	WP_014416943.1	K04103	4.4e-72	241.0
GCF_049354995.1	WP_058906180.1	K06390	6e-131	434.6
GCF_049354995.1	WP_025853223.1	K07636	5.7e-126	419.2
GCF_049354995.1	WP_003153397.1	K07657	1.4e-83	278.7
GCF_049354995.1	WP_088005508.1	K16531	3.3e-17	60.0
GCF_050908195.1	WP_003243849.1	K00366	3.6e-84	281.3
GCF_050908195.1	WP_128737487.1	K00372	2.8e-280	930.3
GCF_050908195.1	WP_077671245.1	K01077	1.7e-113	378.5
GCF_050908195.1	WP_014475691.1	K01113	1.6e-165	550.5
GCF_050908195.1	WP_021481540.1	K01505	8.6e-15	52.2
GCF_050908195.1	WP_003231737.1	K01915	1.9e-107	358.6
GCF_050908195.1	WP_015714795.1	K02406	3.1e-128	427.0
GCF_050908195.1	WP_015714528.1	K02556	1.5e-94	315.2
GCF_050908195.1	WP_003232473.1	K02557	4.3e-72	241.5
GCF_050908195.1	WP_286317555.1	K03407	3.4e-225	747.8
GCF_050908195.1	WP_014476812.1	K03413	5.5e-48	162.1
GCF_050908195.1	WP_003235058.1	K03833	2.1e-79	265.9
GCF_050908195.1	WP_021481718.1	K04103	4.1e-71	238.0
GCF_050908195.1	WP_015714242.1	K06390	6.6e-132	437.9
GCF_050908195.1	WP_004398493.1	K07636	3.7e-125	416.6
GCF_050908195.1	WP_003246107.1	K07657	3e-84	280.9
GCF_050908195.1	WP_032726037.1	K16531	1.2e-20	71.6
GCF_050908245.1	WP_003243849.1	K00366	3.6e-84	281.3
GCF_050908245.1	WP_128737487.1	K00372	2.8e-280	930.3
GCF_050908245.1	WP_077671245.1	K01077	1.7e-113	378.5
GCF_050908245.1	WP_014475691.1	K01113	1.6e-165	550.5
GCF_050908245.1	WP_021481540.1	K01505	8.7e-15	52.2
GCF_050908245.1	WP_003231737.1	K01915	1.9e-107	358.6
GCF_050908245.1	WP_015714795.1	K02406	3.1e-128	427.0
GCF_050908245.1	WP_015714528.1	K02556	1.5e-94	315.2
GCF_050908245.1	WP_003232473.1	K02557	4.3e-72	241.5
GCF_050908245.1	WP_286317555.1	K03407	3.4e-225	747.8
GCF_050908245.1	WP_014476812.1	K03413	5.5e-48	162.1
GCF_050908245.1	WP_003235058.1	K03833	2.1e-79	265.9
GCF_050908245.1	WP_021481718.1	K04103	4.1e-71	238.0
GCF_050908245.1	WP_015714242.1	K06390	6.6e-132	437.9
GCF_050908245.1	WP_004398493.1	K07636	3.7e-125	416.6
GCF_050908245.1	WP_003246107.1	K07657	3e-84	280.9
GCF_050908245.1	WP_032726037.1	K16531	1.2e-20	71.6
GCF_051131645.1	WP_052827842.1	K00366	2e-83	278.7
GCF_051131645.1	WP_434685298.1	K00372	5.9e-181	601.5
GCF_051131645.1	WP_077721994.1	K01077	3.3e-111	370.8
GCF_051131645.1	WP_077721748.1	K01113	3.8e-168	559.1
GCF_051131645.1	WP_077722521.1	K01505	8.7e-16	55.4
GCF_051131645.1	WP_003154048.1	K01915	1.3e-108	362.3
GCF_051131645.1	WP_015387631.1	K02406	8.1e-139	461.8
GCF_051131645.1	WP_003152386.1	K02556	5.6e-97	323.1
GCF_051131645.1	WP_014417581.1	K02557	1.8e-72	242.7
GCF_051131645.1	WP_017417784.1	K03407	1.1e-225	749.3
GCF_051131645.1	WP_003154238.1	K03413	1.2e-47	160.8
GCF_051131645.1	WP_003156451.1	K03833	2.9e-79	265.3
GCF_051131645.1	WP_077721822.1	K04103	4e-72	241.2
GCF_051131645.1	WP_077722588.1	K06390	1.8e-131	436.4
GCF_051131645.1	WP_176283463.1	K07636	5.2e-126	419.4
GCF_051131645.1	WP_045510934.1	K07657	1.2e-83	278.9
GCF_051131645.1	WP_088005508.1	K16531	3.4e-17	60.0
GCF_052373815.1	WP_014665377.1	K00366	8.7e-85	283.4
GCF_052373815.1	WP_136654880.1	K00372	4.2e-279	926.5
GCF_052373815.1	WP_083252930.1	K01077	1.3e-113	378.9
GCF_052373815.1	WP_136654899.1	K01113	3.1e-166	553.0
GCF_052373815.1	WP_136654153.1	K01505	2.2e-14	50.9
GCF_052373815.1	WP_014664076.1	K01915	3.1e-107	357.9
GCF_052373815.1	WP_069150414.1	K02406	2.2e-128	427.6
GCF_052373815.1	WP_040082125.1	K02556	4e-94	313.9
GCF_052373815.1	WP_014663750.1	K02557	8.5e-72	240.7
GCF_052373815.1	WP_444500887.1	K03407	1.4e-224	745.8
GCF_052373815.1	WP_014476812.1	K03413	5.8e-48	162.1
GCF_052373815.1	WP_003242008.1	K03833	3e-79	265.5
GCF_052373815.1	WP_040084136.1	K04103	1.2e-71	239.9
GCF_052373815.1	WP_040082660.1	K06390	1.7e-132	439.9
GCF_052373815.1	WP_136654335.1	K07636	3.7e-125	416.7
GCF_052373815.1	WP_040082743.1	K07657	1e-83	279.3
GCF_052373815.1	WP_136654149.1	K16531	1.3e-19	68.2
GCF_052783145.1	WP_032876519.1	K00366	1.8e-83	278.9
GCF_052783145.1	WP_032872794.1	K00372	1e-276	918.4
GCF_052783145.1	WP_032874278.1	K01077	1.3e-111	372.1
GCF_052783145.1	WP_032872722.1	K01113	1.6e-167	557.0
GCF_052783145.1	WP_032873256.1	K01505	8e-16	55.5
GCF_052783145.1	WP_007410365.1	K01915	1.3e-108	362.2
GCF_052783145.1	WP_032876173.1	K02406	1.8e-138	460.6
GCF_052783145.1	WP_007408775.1	K02556	1.3e-96	321.9
GCF_052783145.1	WP_003154685.1	K02557	1.8e-72	242.6
GCF_052783145.1	WP_032874918.1	K03407	9.6e-226	749.5
GCF_052783145.1	WP_003154238.1	K03413	1.2e-47	160.8
GCF_052783145.1	WP_007410400.1	K03833	2.1e-79	265.8
GCF_052783145.1	WP_014304370.1	K04103	1.5e-72	242.6
GCF_052783145.1	WP_032874043.1	K06390	1.7e-130	433.2
GCF_052783145.1	WP_032873702.1	K07636	6.5e-126	419.0
GCF_052783145.1	WP_003153397.1	K07657	1.4e-83	278.7
GCF_052783145.1	WP_087920803.1	K16531	7.6e-18	62.1
GCF_052976745.1	WP_059377376.1	K00366	5.5e-87	290.5
GCF_052976745.1	WP_058838561.1	K00372	1.7e-86	288.9
GCF_052976745.1	WP_268465435.1	K01077	2e-105	351.7
GCF_052976745.1	WP_039179544.1	K01505	7.4e-15	52.3
GCF_052976745.1	WP_007499421.1	K01915	2.2e-108	361.5
GCF_052976745.1	WP_058838866.1	K02406	5.3e-134	445.9
GCF_052976745.1	WP_024424680.1	K02556	1e-92	309.1
GCF_052976745.1	WP_039178076.1	K02557	1.8e-69	232.8
GCF_052976745.1	WP_039178565.1	K03407	9.7e-225	746.1
GCF_052976745.1	WP_007499584.1	K03413	1.7e-47	160.3
GCF_052976745.1	WP_034283892.1	K03833	2.5e-79	265.5
GCF_052976745.1	WP_025092480.1	K04103	1.5e-71	239.3
GCF_052976745.1	WP_024428002.1	K06390	2.8e-131	435.7
GCF_052976745.1	WP_058838291.1	K07636	8.3e-124	412.0
GCF_052976745.1	WP_039180559.1	K07657	3.5e-84	280.6
GCF_052976745.1	WP_025092425.1	K16531	4.3e-30	102.6
GCF_054187945.1	WP_012118438.1	K00366	2.6e-83	278.3
GCF_054187945.1	WP_011996307.1	K00372	4.1e-277	919.7
GCF_054187945.1	WP_012117173.1	K01077	7e-111	369.7
GCF_054187945.1	WP_011996268.1	K01113	7.6e-168	558.1
GCF_054187945.1	WP_012117857.1	K01505	1.7e-15	54.4
GCF_054187945.1	WP_007410365.1	K01915	1.3e-108	362.2
GCF_054187945.1	WP_007614094.1	K02406	5.3e-138	459.1
GCF_054187945.1	WP_012118208.1	K02556	1.3e-96	321.8
GCF_054187945.1	WP_003154685.1	K02557	1.8e-72	242.6
GCF_054187945.1	WP_023356898.1	K03407	3.5e-225	747.6
GCF_054187945.1	WP_003154238.1	K03413	1.2e-47	160.8
GCF_054187945.1	WP_007410400.1	K03833	2e-79	265.8
GCF_054187945.1	WP_012116839.1	K04103	1.5e-71	239.3
GCF_054187945.1	WP_012117969.1	K06390	8.9e-131	434.1
GCF_054187945.1	WP_012118165.1	K07636	6.1e-126	419.1
GCF_054187945.1	WP_003153397.1	K07657	1.4e-83	278.7
GCF_054187945.1	WP_088461189.1	K16531	1.8e-17	60.9
GCF_054889405.1	WP_052827842.1	K00366	2e-83	278.7
GCF_054889405.1	WP_098080955.1	K00372	9.2e-277	918.6
GCF_054889405.1	WP_098081227.1	K01077	2e-111	371.5
GCF_054889405.1	WP_098080925.1	K01113	1.5e-167	557.1
GCF_054889405.1	WP_015417720.1	K01505	1.1e-15	55.0
GCF_054889405.1	WP_007410365.1	K01915	1.3e-108	362.2
GCF_054889405.1	WP_015387631.1	K02406	8e-139	461.8
GCF_054889405.1	WP_061581295.1	K02556	2.1e-96	321.2
GCF_054889405.1	WP_003154685.1	K02557	1.8e-72	242.6
GCF_054889405.1	WP_098081405.1	K03407	3.2e-225	747.7
GCF_054889405.1	WP_003154238.1	K03413	1.2e-47	160.8
GCF_054889405.1	WP_007410400.1	K03833	2.1e-79	265.8
GCF_054889405.1	WP_014304370.1	K04103	1.5e-72	242.6
GCF_054889405.1	WP_080130391.1	K06390	8.1e-131	434.2
GCF_054889405.1	WP_461842029.1	K07636	1.1e-124	415.0
GCF_054889405.1	WP_003153397.1	K07657	1.4e-83	278.7
GCF_054889405.1	WP_098081989.1	K16531	2.4e-17	60.5
GCF_054966515.1	WP_032876519.1	K00366	1.8e-83	278.9
GCF_054966515.1	WP_032872794.1	K00372	1e-276	918.4
GCF_054966515.1	WP_032874278.1	K01077	1.3e-111	372.1
GCF_054966515.1	WP_032872722.1	K01113	1.7e-167	557.0
GCF_054966515.1	WP_032873256.1	K01505	8e-16	55.5
GCF_054966515.1	WP_007410365.1	K01915	1.3e-108	362.2
GCF_054966515.1	WP_032876173.1	K02406	1.8e-138	460.6
GCF_054966515.1	WP_007408775.1	K02556	1.3e-96	321.9
GCF_054966515.1	WP_003154685.1	K02557	1.8e-72	242.6
GCF_054966515.1	WP_032874918.1	K03407	9.6e-226	749.5
GCF_054966515.1	WP_003154238.1	K03413	1.2e-47	160.8
GCF_054966515.1	WP_007410400.1	K03833	2.1e-79	265.8
GCF_054966515.1	WP_014304370.1	K04103	1.5e-72	242.6
GCF_054966515.1	WP_032874043.1	K06390	1.7e-130	433.2
GCF_054966515.1	WP_032873702.1	K07636	6.5e-126	419.0
GCF_054966515.1	WP_003153397.1	K07657	1.4e-83	278.7
GCF_054966515.1	WP_087920803.1	K16531	7.6e-18	62.1
GCF_055475255.1	WP_414831329.1	K00366	6.7e-84	280.2
GCF_055475255.1	WP_464862830.1	K00372	9.6e-183	607.4
GCF_055475255.1	WP_099745082.1	K01077	2.2e-111	371.4
GCF_055475255.1	WP_366971573.1	K01113	4e-168	559.0
GCF_055475255.1	WP_342007891.1	K01505	3.8e-14	49.9
GCF_055475255.1	WP_099744029.1	K01915	3.2e-109	364.2
GCF_055475255.1	WP_007614094.1	K02406	5.2e-138	459.1
GCF_055475255.1	WP_016938548.1	K02556	8.2e-98	325.8
GCF_055475255.1	WP_095240808.1	K02557	2.9e-72	241.9
GCF_055475255.1	WP_064778912.1	K03407	5.5e-225	746.9
GCF_055475255.1	WP_003154238.1	K03413	1.2e-47	160.8
GCF_055475255.1	WP_003156451.1	K03833	2.8e-79	265.3
GCF_055475255.1	WP_464862622.1	K04103	9.5e-72	239.9
GCF_055475255.1	WP_464862190.1	K06390	6.9e-130	431.1
GCF_055475255.1	WP_464862265.1	K07636	2.1e-126	420.6
GCF_055475255.1	WP_003153397.1	K07657	1.3e-83	278.7
GCF_055475255.1	WP_095532179.1	K16531	1.2e-17	61.5
GCF_056493705.1	WP_044159104.1	K00366	1.2e-84	282.9
GCF_056493705.1	WP_479365569.1	K00372	1.8e-277	921.1
GCF_056493705.1	WP_479365817.1	K01077	2e-115	384.9
GCF_056493705.1	WP_059292031.1	K01113	1e-164	547.9
GCF_056493705.1	WP_059352438.1	K01505	4.1e-15	53.3
GCF_056493705.1	WP_024121509.1	K01915	5.9e-107	357.0
GCF_056493705.1	WP_193659775.1	K02406	1.1e-125	418.6
GCF_056493705.1	WP_479364307.1	K02556	1.7e-95	318.3
GCF_056493705.1	WP_059292887.1	K02557	1.3e-71	240.0
GCF_056493705.1	WP_059352913.1	K03407	4.7e-226	750.7
GCF_056493705.1	WP_010334256.1	K03413	1.6e-47	160.6
GCF_056493705.1	WP_010332768.1	K03833	6.9e-79	264.2
GCF_056493705.1	WP_479365670.1	K04103	8.1e-71	237.1
GCF_056493705.1	WP_044154635.1	K06390	4e-134	445.2
GCF_056493705.1	WP_458104208.1	K07636	1.7e-125	417.8
GCF_056493705.1	WP_010334777.1	K07657	4.5e-83	277.1
GCF_056493705.1	WP_059336621.1	K16531	2.2e-18	64.1
GCF_056504695.1	WP_003180762.1	K00366	6.2e-86	287.2
GCF_056504695.1	WP_142782138.1	K00372	9.4e-278	922.1
GCF_056504695.1	WP_003183293.1	K01077	8.7e-102	339.9
GCF_056504695.1	WP_003178586.1	K01113	2.1e-168	560.2
GCF_056504695.1	WP_142782703.1	K01505	3.6e-16	56.8
GCF_056504695.1	WP_003182145.1	K01915	1.5e-108	362.3
GCF_056504695.1	WP_009329669.1	K02406	5.1e-134	446.2
GCF_056504695.1	WP_011198198.1	K02556	2.9e-94	314.4
GCF_056504695.1	WP_003181091.1	K02557	2.8e-73	245.5
GCF_056504695.1	WP_009328508.1	K03407	1.1e-224	746.2
GCF_056504695.1	WP_003181796.1	K03413	2.5e-46	156.7
GCF_056504695.1	WP_003178321.1	K03833	1.8e-79	266.2
GCF_056504695.1	WP_142782764.1	K03834	1.9e-11	41.5
GCF_056504695.1	WP_003184100.1	K04103	3.4e-68	228.5
GCF_056504695.1	WP_003183411.1	K06390	1.4e-130	433.6
GCF_056504695.1	WP_003184312.1	K07636	4.3e-124	413.2
GCF_056504695.1	WP_003183084.1	K07657	8.1e-83	276.3
GCF_056504695.1	WP_003182961.1	K16531	4e-21	73.2
GCF_056781025.1	WP_060596482.1	K00366	5.7e-86	287.0
GCF_056781025.1	WP_414051862.1	K00372	1.6e-275	914.4
GCF_056781025.1	WP_106036602.1	K01077	7.6e-107	356.3
GCF_056781025.1	WP_066030729.1	K01505	1.3e-15	54.7
GCF_056781025.1	WP_060596374.1	K01915	1.2e-108	362.3
GCF_056781025.1	WP_106071560.1	K02406	2.7e-132	440.2
GCF_056781025.1	WP_034662877.1	K02556	7.5e-93	309.5
GCF_056781025.1	WP_060596120.1	K02557	3.1e-69	231.9
GCF_056781025.1	WP_060596272.1	K03407	1.3e-224	745.7
GCF_056781025.1	WP_007499584.1	K03413	1.6e-47	160.3
GCF_056781025.1	WP_034283892.1	K03833	2.5e-79	265.5
GCF_056781025.1	WP_060596901.1	K04103	5.1e-72	240.8
GCF_056781025.1	WP_066030674.1	K06390	8.3e-134	444.0
GCF_056781025.1	WP_106031192.1	K07636	2.9e-124	413.5
GCF_056781025.1	WP_012010858.1	K07657	3.3e-84	280.6
GCF_056781025.1	WP_034661516.1	K16531	9e-23	78.3
GCF_905310995.2	WP_029725918.1	K00366	8.4e-84	280.1
GCF_905310995.2	WP_029727068.1	K00372	1.4e-279	928.1
GCF_905310995.2	WP_029725845.1	K01077	1.3e-113	378.9
GCF_905310995.2	WP_014475691.1	K01113	1.7e-165	550.5
GCF_905310995.2	WP_029726772.1	K01505	1.8e-14	51.2
GCF_905310995.2	WP_015252037.1	K01915	3.6e-107	357.7
GCF_905310995.2	WP_029725988.1	K02406	3.7e-133	443.3
GCF_905310995.2	WP_014477672.1	K02556	1.9e-94	315.0
GCF_905310995.2	WP_003232473.1	K02557	4.5e-72	241.5
GCF_905310995.2	WP_014476817.1	K03407	2.6e-225	748.2
GCF_905310995.2	WP_014476812.1	K03413	5.7e-48	162.1
GCF_905310995.2	WP_003235058.1	K03833	2.2e-79	265.9
GCF_905310995.2	WP_003246569.1	K04103	3.9e-71	238.1
GCF_905310995.2	WP_015251728.1	K06390	6.5e-132	438.0
GCF_905310995.2	WP_029726381.1	K07636	7.2e-125	415.8
GCF_905310995.2	WP_003246107.1	K07657	3.2e-84	280.9
GCF_905310995.2	WP_021481536.1	K16531	1.2e-20	71.6
